#Annotated with Bakta v1.11.0, https://github.com/oschwengers/bakta
#Database v6.0, https://doi.org/10.5281/zenodo.4247252
#Sequence Id	Start	Stop	Strand	Locus Tag	Mol Weight [kDa]	Iso El. Point	Pfam hits	Dbxrefs
CP124100.1	144360	144548	-	FMBKCJ_000140	7.3	9.5		SO:0001217, UniParc:UPI00018847F9, UniRef:UniRef100_A0A0H3C4A0, UniRef:UniRef50_G0AKV4, UniRef:UniRef90_G0AKV4
CP124100.1	157672	158055	+	FMBKCJ_000151	14.8	10.2		SO:0001217, UniRef:UniRef50_O51178, UniRef:UniRef90_O51178
CP124100.1	162872	163039	+	FMBKCJ_000157	6.3	10.4		RefSeq:WP_002657037.1, SO:0001217, UniParc:UPI000005738D, UniRef:UniRef100_O51184, UniRef:UniRef50_O51184, UniRef:UniRef90_O51184
CP124100.1	272628	273644	-	FMBKCJ_000258	39.3	4.2		RefSeq:WP_002657701.1, SO:0001217, UniParc:UPI00016B338F, UniRef:UniRef100_UPI00016B338F, UniRef:UniRef50_A0A7I6GVW7, UniRef:UniRef90_O51275
CP124100.1	365618	366211	-	FMBKCJ_000350	23.5	9.8		RefSeq:WP_002656114.1, SO:0001217, UniParc:UPI00016B2B2A, UniRef:UniRef100_A0A0H3C4F8, UniRef:UniRef50_Q0SNF6, UniRef:UniRef90_Q0SNF6
CP124100.1	368431	368856	+	FMBKCJ_000353	16.5	9.7		RefSeq:WP_010889734.1, SO:0001217, UniParc:UPI0000057451, UniRef:UniRef100_O51335, UniRef:UniRef50_O51335, UniRef:UniRef90_O51335
CP124100.1	416666	417082	+	FMBKCJ_000398	16.3	10.5		SO:0001217, UniRef:UniRef50_B9X884, UniRef:UniRef90_O51365
CP124100.1	644622	644990	+	FMBKCJ_000619	14.6	5.3		RefSeq:WP_002557204.1, SO:0001217, UniParc:UPI000005754F, UniRef:UniRef100_O51562, UniRef:UniRef50_O51562, UniRef:UniRef90_O51562
CP124100.1	653736	654698	+	FMBKCJ_000627	37.3	8.9		RefSeq:WP_002557211.1, SO:0001217, UniParc:UPI0000057556, UniRef:UniRef100_O51569, UniRef:UniRef50_G0AM65, UniRef:UniRef90_G0AM65
CP124100.1	662452	662766	-	FMBKCJ_000634	11.3	8.7		RefSeq:WP_002656819.1, SO:0001217, UniParc:UPI00016B2F7F, UniRef:UniRef100_UPI00016B2F7F, UniRef:UniRef50_O51576, UniRef:UniRef90_O51576
CP124100.1	738983	739240	+	FMBKCJ_000704	10.0	10.6		SO:0001217, UniRef:UniRef50_D6RW52, UniRef:UniRef90_O51644
CP124100.1	739258	739521	+	FMBKCJ_000705	10.3	7.8		SO:0001217, UniRef:UniRef50_D6RW52, UniRef:UniRef90_O51644
CP124100.1	792189	793463	+	FMBKCJ_000756	48.6	4.5		RefSeq:WP_002657506.1, SO:0001217, UniParc:UPI00016B27E7, UniRef:UniRef100_UPI00016B27E7, UniRef:UniRef50_O51690, UniRef:UniRef90_O51690
CP124100.1	814716	815150	-	FMBKCJ_000780	17.6	9.3		RefSeq:WP_002557361.1, SO:0001217, UniParc:UPI00000575E7, UniRef:UniRef100_O51714, UniRef:UniRef50_O51714, UniRef:UniRef90_O51714
CP124098.1	1426	1530	-	FMBKCJ_000855	3.8	6.5		SO:0001217, UniRef:UniRef50_A0A0H3C3H1, UniRef:UniRef90_A0A0H3C3H1
CP124098.1	2026	2382	+	FMBKCJ_000856	14.3	9.4		RefSeq:WP_010883928.1, SO:0001217, UniParc:UPI000005696E, UniRef:UniRef100_Q44728, UniRef:UniRef50_Q44728, UniRef:UniRef90_Q44728
CP124098.1	4218	4439	+	FMBKCJ_000858	8.6	5.7	PF05714.16|PFam54_60	PFAM:PF05714.16, RefSeq:WP_010258242.1, SO:0001217, UniParc:UPI00016B30E2, UniRef:UniRef100_G5IXH9, UniRef:UniRef50_G5IXH9, UniRef:UniRef90_G5IXH9
CP124098.1	5676	6359	+	FMBKCJ_000859	26.7	9.4		RefSeq:WP_010258240.1, SO:0001217, UniParc:UPI00016B30E1, UniRef:UniRef100_A0A7U4DIN3, UniRef:UniRef50_C0R8X6, UniRef:UniRef90_A0A5J6WFZ6
CP124099.1	15173	15331	+	FMBKCJ_000912	6.1	10.2		RefSeq:WP_010258339.1, SO:0001217, UniParc:UPI00016B339C, UniRef:UniRef100_A0A9N7G314, UniRef:UniRef50_C0RC30, UniRef:UniRef90_A0A9N7G314
CP124099.1	32955	34406	+	FMBKCJ_000935	54.9	5.9		SO:0001217, UniRef:UniRef50_Q0SLV8, UniRef:UniRef90_A0A806CL76
CP124099.1	39914	40159	-	FMBKCJ_000943	9.2	4.4		
CP019844.1	144365	144553	-	FMBKCJ_001098	7.2	9.3		SO:0001217, UniRef:UniRef50_G0AKV4, UniRef:UniRef90_G0AKV4
CP019844.1	157626	158060	+	FMBKCJ_001109	16.9	10.1		RefSeq:WP_010889695.1, SO:0001217, UniParc:UPI0000057387, UniRef:UniRef100_O51178, UniRef:UniRef50_O51178, UniRef:UniRef90_O51178
CP019844.1	162877	163044	+	FMBKCJ_001115	6.3	10.4		RefSeq:WP_002657037.1, SO:0001217, UniParc:UPI000005738D, UniRef:UniRef100_O51184, UniRef:UniRef50_O51184, UniRef:UniRef90_O51184
CP019844.1	271822	272835	-	FMBKCJ_001216	39.1	4.3		RefSeq:WP_010889720.1, SO:0001217, UniParc:UPI00000573ED, UniRef:UniRef100_O51275, UniRef:UniRef50_A0A7I6GVW7, UniRef:UniRef90_O51275
CP019844.1	364833	365426	-	FMBKCJ_001308	23.5	9.8		RefSeq:WP_008882638.1, SO:0001217, UniParc:UPI00017F2A10, UniRef:UniRef100_A0A826GVI4, UniRef:UniRef50_Q0SNF6, UniRef:UniRef90_Q0SNF6
CP019844.1	367646	368071	+	FMBKCJ_001311	16.5	9.7		RefSeq:WP_010889734.1, SO:0001217, UniParc:UPI0000057451, UniRef:UniRef100_O51335, UniRef:UniRef50_O51335, UniRef:UniRef90_O51335
CP019844.1	415879	416295	+	FMBKCJ_001356	16.3	10.4		RefSeq:WP_002556999.1, SO:0001217, UniParc:UPI000005747C, UniRef:UniRef100_O51365, UniRef:UniRef50_B9X884, UniRef:UniRef90_O51365
CP019844.1	442955	443242	-	FMBKCJ_001379	11.3	9.9		RefSeq:WP_044283513.1, SO:0001217, UniParc:UPI00052A27E0, UniRef:UniRef100_UPI00052A27E0, UniRef:UniRef50_UPI0012FF1DCC, UniRef:UniRef90_UPI0012FF1DCC
CP019844.1	643958	644326	+	FMBKCJ_001578	14.6	5.3		RefSeq:WP_002557204.1, SO:0001217, UniParc:UPI000005754F, UniRef:UniRef100_O51562, UniRef:UniRef50_O51562, UniRef:UniRef90_O51562
CP019844.1	653073	654035	+	FMBKCJ_001586	37.3	8.9		RefSeq:WP_002557211.1, SO:0001217, UniParc:UPI0000057556, UniRef:UniRef100_O51569, UniRef:UniRef50_G0AM65, UniRef:UniRef90_G0AM65
CP019844.1	661789	662103	-	FMBKCJ_001593	11.3	8.7		RefSeq:WP_010889785.1, SO:0001217, UniParc:UPI000005755D, UniRef:UniRef100_O51576, UniRef:UniRef50_O51576, UniRef:UniRef90_O51576
CP019844.1	738329	738868	+	FMBKCJ_001663	21.1	9.9		RefSeq:WP_002656268.1, SO:0001217, UniParc:UPI00000575A2, UniRef:UniRef100_O51644, UniRef:UniRef50_D6RW52, UniRef:UniRef90_O51644
CP019844.1	791537	792811	+	FMBKCJ_001714	48.7	4.6		RefSeq:WP_010889815.1, SO:0001217, UniParc:UPI000233F626, UniRef:UniRef100_O51690, UniRef:UniRef50_O51690, UniRef:UniRef90_O51690
CP019844.1	814064	814498	-	FMBKCJ_001738	17.6	9.3		RefSeq:WP_002557361.1, SO:0001217, UniParc:UPI00000575E7, UniRef:UniRef100_O51714, UniRef:UniRef50_O51714, UniRef:UniRef90_O51714
CP019851.1	11082	11765	-	FMBKCJ_001819	26.7	9.3		RefSeq:WP_010890251.1, SO:0001217, UniParc:UPI0000056973, UniRef:UniRef100_H7C7M9, UniRef:UniRef50_C0R8X6, UniRef:UniRef90_A0A5J6WFZ6
CP019851.1	13002	13223	-	FMBKCJ_001820	8.6	5.7	PF05714.16|PFam54_60	PFAM:PF05714.16, RefSeq:WP_010258242.1, SO:0001217, UniParc:UPI00016B30E2, UniRef:UniRef100_G5IXH9, UniRef:UniRef50_G5IXH9, UniRef:UniRef90_G5IXH9
CP019851.1	15055	15411	-	FMBKCJ_001822	14.3	9.4		RefSeq:WP_010883928.1, SO:0001217, UniParc:UPI000005696E, UniRef:UniRef100_Q44728, UniRef:UniRef50_Q44728, UniRef:UniRef90_Q44728
CP019846.1	4415	4555	+	FMBKCJ_001856	5.2	4.6		SO:0001217, UniRef:UniRef50_A0A5P8AUJ7, UniRef:UniRef90_A0A5P8AUJ7
CP019846.1	5755	5868	+	FMBKCJ_001860	4.2	7.9		
CP019846.1	5823	6131	+	FMBKCJ_001861	11.8	9.8		
CP019846.1	27525	27908	+	FMBKCJ_001892	14.5	4.3		
CP019847.1	28067	28249	+	FMBKCJ_001936	6.9	7.9		RefSeq:WP_012664891.1, SO:0001217, UniParc:UPI000005767B, UniRef:UniRef100_UPI000005767B, UniRef:UniRef50_UPI00017F3BA8, UniRef:UniRef90_UPI00017F3BA8
CP019848.1	21974	22252	+	FMBKCJ_001973	10.7	4.5		
CP019849.1	2009	2185	+	FMBKCJ_001987	6.5	8.1		
CP019850.1	3825	3953	+	FMBKCJ_002033	4.4	9.7		SO:0001217, UniRef:UniRef50_B9X9J8
CP019850.1	25487	25708	-	FMBKCJ_002069	8.6	9.8		SO:0001217, UniRef:UniRef50_A0A1G4Q5U4
CP019850.1	27955	28473	+	FMBKCJ_002072	20.3	9.2		RefSeq:WP_012593060.1, SO:0001217, UniParc:UPI00017F48F3, UniRef:UniRef100_A0A0H3C438, UniRef:UniRef90_Q9S033
CP019852.1	4770	4964	-	FMBKCJ_002079	7.6	11.6		SO:0001217, UniRef:UniRef50_UPI00017F3800
CP019852.1	6243	6518	+	FMBKCJ_002081	10.7	6.1		RefSeq:WP_010258413.1, SO:0001217, UniParc:UPI00016B3647, UniRef:UniRef100_O50813, UniRef:UniRef50_O50813, UniRef:UniRef90_O50813
CP019852.1	18229	18333	+	FMBKCJ_002092	4.3	8.0		
CP019852.1	18841	19041	+	FMBKCJ_002093	7.8	4.6		SO:0001217, UniRef:UniRef50_A0A7U4DIY2, UniRef:UniRef90_A0A7U4DIY2
CP019852.1	21780	22001	+	FMBKCJ_002095	8.9	9.5		SO:0001217, UniParc:UPI00000568BF, UniRef:UniRef100_O50837, UniRef:UniRef50_O50837, UniRef:UniRef90_O50837
CP019852.1	22162	22335	+	FMBKCJ_002096	6.7	9.4		RefSeq:WP_010890345.1, SO:0001217, UniParc:UPI00000568C0, UniRef:UniRef100_O50838, UniRef:UniRef50_O50838, UniRef:UniRef90_O50838
CP019852.1	22941	23525	-	FMBKCJ_002097	22.1	5.3		RefSeq:WP_052403610.1, SO:0001217, UniParc:UPI0003233FA8, UniRef:UniRef100_UPI0003233FA8, UniRef:UniRef50_A0A0H3BZV3, UniRef:UniRef90_A0A0H3BZV3
CP019852.1	24161	24538	+	FMBKCJ_002099	13.9	5.6		RefSeq:WP_015899368.1, SO:0001217, UniParc:UPI00000568C3, UniRef:UniRef100_UPI00000568C3, UniRef:UniRef50_UPI00016B379E, UniRef:UniRef90_UPI00016B379E
CP019852.1	26453	26671	-	FMBKCJ_002102	8.3	5.0		RefSeq:WP_010890349.1, SO:0001217, UniParc:UPI00000568C6, UniRef:UniRef100_O50844, UniRef:UniRef50_O50844, UniRef:UniRef90_O50844
CP019853.1	8870	9145	-	FMBKCJ_002117	10.4	9.9		RefSeq:WP_367608024.1, SO:0001217, UniParc:UPI0002F1680F, UniRef:UniRef100_UPI0002F1680F, UniRef:UniRef50_O50768, UniRef:UniRef90_O50768
CP019853.1	10033	10161	-	FMBKCJ_002118	4.9	10.2		
CP019853.1	34385	34681	-	FMBKCJ_002136	11.1	9.9		RefSeq:WP_010257615.1, SO:0001217, UniParc:UPI000005689B, UniRef:UniRef100_O50801, UniRef:UniRef50_O50801, UniRef:UniRef90_O50801
CP019853.1	37428	37646	-	FMBKCJ_002140	7.7	9.5		
CP019853.1	38362	38535	-	FMBKCJ_002142	6.5	10.1		RefSeq:WP_157658503.1, SO:0001217, UniParc:UPI000301E9DF, UniRef:UniRef100_UPI000301E9DF, UniRef:UniRef50_UPI001304CA02, UniRef:UniRef90_UPI001304CA02
CP019854.1	15148	15306	+	FMBKCJ_002161	6.1	10.2		RefSeq:WP_010259080.1, SO:0001217, UniParc:UPI0000056910, UniRef:UniRef100_UPI0000056910, UniRef:UniRef50_C0RC30, UniRef:UniRef90_A0A9N7G314
CP019854.1	18128	18721	+	FMBKCJ_002165	22.7	9.1		RefSeq:WP_010890382.1, SO:0001217, UniParc:UPI0000056917, UniRef:UniRef100_O50923, UniRef:UniRef50_O50923, UniRef:UniRef90_O50923
CP019854.1	32969	34366	+	FMBKCJ_002184	52.8	6.5		RefSeq:WP_012622802.1, SO:0001217, UniParc:UPI000005692B, UniRef:UniRef100_A0A7U4DJ15, UniRef:UniRef50_Q0SLV8, UniRef:UniRef90_A0A806CL76
CP019855.1	2160	2354	-	FMBKCJ_002210	7.8	6.7		
CP019855.1	6336	6674	-	FMBKCJ_002216	13.6	9.7		
CP019855.1	31892	32458	+	FMBKCJ_002253	21.8	9.1		RefSeq:WP_010883937.1, SO:0001217, UniParc:UPI0000057752, UniRef:UniRef100_Q9RZY1, UniRef:UniRef90_Q9S073
CP019855.1	37816	38196	-	FMBKCJ_002260	14.3	6.7		RefSeq:WP_231013320.1, SO:0001217, UniParc:UPI0003F834B4, UniRef:UniRef100_UPI0000057758, UniRef:UniRef50_I0FF88, UniRef:UniRef90_UPI0000057758
CP019855.1	38565	39077	-	FMBKCJ_002261	19.4	8.8		RefSeq:WP_083013073.1, SO:0001217, UniParc:UPI0009F1771F, UniRef:UniRef100_UPI0009F1771F, UniRef:UniRef50_UPI001F349D59, UniRef:UniRef90_UPI0009F1771F
CP019855.1	39802	39933	-	FMBKCJ_002262	5.0	4.2		
CP019855.1	39959	40186	-	FMBKCJ_002263	8.6	8.7		RefSeq:WP_024705874.1, SO:0001217, UniParc:UPI000005775D, UniRef:UniRef100_UPI000005775D, UniRef:UniRef50_UPI001AEED6C8, UniRef:UniRef90_UPI001E5DCC1C
CP019855.1	44714	44983	+	FMBKCJ_002266	10.6	9.5		RefSeq:WP_012672645.1, SO:0001217, UniParc:UPI00016C583D, UniRef:UniRef100_UPI00016C583D, UniRef:UniRef50_UPI00016C583D, UniRef:UniRef90_UPI00016C583D
CP019855.1	51173	51529	-	FMBKCJ_002269	14.3	9.4		RefSeq:WP_010883928.1, SO:0001217, UniParc:UPI000005696E, UniRef:UniRef100_Q44728, UniRef:UniRef50_Q44728, UniRef:UniRef90_Q44728
CP002312.1	144221	144409	-	FMBKCJ_002411	7.3	9.3		SO:0001217, UniRef:UniRef50_G0AKV4, UniRef:UniRef90_G0AKV4
CP002312.1	157483	157917	+	FMBKCJ_002422	16.9	10.1		RefSeq:WP_002556754.1, SO:0001217, UniParc:UPI00016B2B02, UniRef:UniRef100_A0A0H3C1D3, UniRef:UniRef50_O51178, UniRef:UniRef90_O51178
CP002312.1	162734	162901	+	FMBKCJ_002428	6.3	10.4		RefSeq:WP_002657037.1, SO:0001217, UniParc:UPI000005738D, UniRef:UniRef100_O51184, UniRef:UniRef50_O51184, UniRef:UniRef90_O51184
CP002312.1	272346	273359	-	FMBKCJ_002529	39.1	4.3		RefSeq:WP_010889720.1, SO:0001217, UniParc:UPI00000573ED, UniRef:UniRef100_O51275, UniRef:UniRef50_A0A7I6GVW7, UniRef:UniRef90_O51275
CP002312.1	365367	365960	-	FMBKCJ_002621	23.5	9.8		RefSeq:WP_002660620.1, SO:0001217, UniParc:UPI00016C4A9F, UniRef:UniRef100_A0A7U8I753, UniRef:UniRef50_Q0SNF6, UniRef:UniRef90_Q0SNF6
CP002312.1	368180	368605	+	FMBKCJ_002624	16.5	9.7		RefSeq:WP_014540249.1, SO:0001217, UniParc:UPI0001F23BAB, UniRef:UniRef100_UPI0001F23BAB, UniRef:UniRef50_O51335, UniRef:UniRef90_O51335
CP002312.1	416416	416832	+	FMBKCJ_002669	16.3	10.4		RefSeq:WP_002556999.1, SO:0001217, UniParc:UPI000005747C, UniRef:UniRef100_O51365, UniRef:UniRef50_B9X884, UniRef:UniRef90_O51365
CP002312.1	644499	644867	+	FMBKCJ_002890	14.6	5.3		RefSeq:WP_002557204.1, SO:0001217, UniParc:UPI000005754F, UniRef:UniRef100_O51562, UniRef:UniRef50_O51562, UniRef:UniRef90_O51562
CP002312.1	653607	654569	+	FMBKCJ_002898	37.3	8.9		RefSeq:WP_002557211.1, SO:0001217, UniParc:UPI0000057556, UniRef:UniRef100_O51569, UniRef:UniRef50_G0AM65, UniRef:UniRef90_G0AM65
CP002312.1	662323	662637	-	FMBKCJ_002905	11.3	8.7		RefSeq:WP_002656819.1, SO:0001217, UniParc:UPI00016B2F7F, UniRef:UniRef100_UPI00016B2F7F, UniRef:UniRef50_O51576, UniRef:UniRef90_O51576
CP002312.1	738855	739112	+	FMBKCJ_002975	10.0	10.6		SO:0001217, UniRef:UniRef50_D6RW52, UniRef:UniRef90_O51644
CP002312.1	739130	739393	+	FMBKCJ_002976	10.3	7.8		SO:0001217, UniRef:UniRef50_D6RW52, UniRef:UniRef90_O51644
CP002312.1	792062	793336	+	FMBKCJ_003027	48.6	4.6		RefSeq:WP_014540377.1, SO:0001217, UniParc:UPI0001F240DF, UniRef:UniRef100_UPI0001F240DF, UniRef:UniRef50_O51690, UniRef:UniRef90_O51690
CP002312.1	814589	815023	-	FMBKCJ_003051	17.6	9.3		RefSeq:WP_002557361.1, SO:0001217, UniParc:UPI00000575E7, UniRef:UniRef100_O51714, UniRef:UniRef50_O51714, UniRef:UniRef90_O51714
CP002312.1	907239	907496	+	FMBKCJ_003123	10.3	8.6		SO:0001217, UniRef:UniRef50_A0A7U8EX85, UniRef:UniRef90_A0A7U8EX85
CP002312.1	910109	910324	+	FMBKCJ_003125	8.4	9.9		
CP002312.1	918627	918914	-	FMBKCJ_003131	11.2	10.0		RefSeq:WP_012622462.1, SO:0001217, UniParc:UPI00016B34D8, UniRef:UniRef100_A0A7U4DIN4, UniRef:UniRef50_A0A7U4DIN4, UniRef:UniRef90_A0A7U4DIN4
CP002312.1	918907	919005	-	FMBKCJ_003132	4.0	9.7		
CP002312.1	921888	922079	-	FMBKCJ_003135	7.8	6.6		RefSeq:WP_012622447.1, SO:0001217, UniParc:UPI00016B34DB, UniRef:UniRef100_A0A7U4DIT2, UniRef:UniRef50_A0A7U4DIT2, UniRef:UniRef90_A0A7U4DIT2
CP002310.1	2010	3317	+	FMBKCJ_003165	47.6	5.4		
CP002310.1	10076	10240	+	FMBKCJ_003177	6.0	8.1		
CP002310.1	12981	13136	+	FMBKCJ_003183	5.8	4.1		
CP002309.1	27278	27805	+	FMBKCJ_003331	20.8	9.1		RefSeq:WP_012621486.1, SO:0001217, UniParc:UPI00016B2C5B, UniRef:UniRef100_A0A9N7ARY7, UniRef:UniRef90_A0A0H3C0R6
CP002309.1	27987	28553	+	FMBKCJ_003332	21.8	8.8		RefSeq:WP_010883850.1, SO:0001217, UniParc:UPI00000576EB, UniRef:UniRef100_Q9S073, UniRef:UniRef90_Q9S073
CP002320.1	27083	27610	+	FMBKCJ_003413	20.8	9.1		RefSeq:WP_012621486.1, SO:0001217, UniParc:UPI00016B2C5B, UniRef:UniRef100_A0A9N7ARY7, UniRef:UniRef90_A0A0H3C0R6
CP002320.1	27792	28358	+	FMBKCJ_003414	21.8	8.8		RefSeq:WP_010883850.1, SO:0001217, UniParc:UPI00000576EB, UniRef:UniRef100_Q9S073, UniRef:UniRef90_Q9S073
CP002322.1	22023	22373	+	FMBKCJ_003534	13.7	5.1	PF02524.19|KID	PFAM:PF02524.19
CP002322.1	28073	28600	+	FMBKCJ_003540	20.8	9.1		RefSeq:WP_012599439.1, SO:0001217, UniParc:UPI00016B3BBA, UniRef:UniRef100_A0A7I6GXU7, UniRef:UniRef90_A0A0H3C0R6
CP002313.1	1	225	-	FMBKCJ_003543	8.7	4.8		
CP002313.1	3311	3505	+	FMBKCJ_003548	7.2	4.3		
CP002313.1	5601	5699	+	FMBKCJ_003549	3.9	9.1		
CP002313.1	5951	6634	+	FMBKCJ_003550	26.7	9.3		RefSeq:WP_010890251.1, SO:0001217, UniParc:UPI0000056973, UniRef:UniRef100_H7C7M9, UniRef:UniRef50_C0R8X6, UniRef:UniRef90_A0A5J6WFZ6
CP002308.1	20794	21177	-	FMBKCJ_003574	14.2	10.1		
CP002306.1	771	911	-	FMBKCJ_003577	5.5	9.5		
CP002306.1	2854	3111	-	FMBKCJ_003579	10.3	8.6		SO:0001217, UniRef:UniRef50_A0A7U8EX85, UniRef:UniRef90_A0A7U8EX85
CP002306.1	5559	5681	+	FMBKCJ_003580	4.6	6.1		
CP002306.1	12417	12593	+	FMBKCJ_003586	6.5	4.3		RefSeq:WP_014540428.1, SO:0001217, UniParc:UPI0001F239D2, UniRef:UniRef100_A0A9N7B502, UniRef:UniRef50_A0A9N7B502, UniRef:UniRef90_A0A9N7B502
CP002314.1	12133	12741	+	FMBKCJ_003603	22.7	7.7		RefSeq:WP_238528647.1, SO:0001217, UniParc:UPI0003022FE2, UniRef:UniRef100_UPI0003022FE2, UniRef:UniRef50_UPI0003022FE2, UniRef:UniRef90_UPI0003022FE2
CP002314.1	12878	13228	+	FMBKCJ_003604	13.4	9.0		SO:0001217, UniRef:UniRef50_UPI001EE67C96, UniRef:UniRef90_UPI001EE67C96
CP002314.1	14021	14140	-	FMBKCJ_003605	4.4	4.6		RefSeq:WP_012614965.1, SO:0001217, UniParc:UPI00016B2E1E, UniRef:UniRef100_A0A0H3C151, UniRef:UniRef50_A0A0H3C151, UniRef:UniRef90_A0A0H3C151
CP002318.1	2201	2539	+	FMBKCJ_003617	13.2	9.2		RefSeq:WP_014540456.1, SO:0001217, UniParc:UPI0001F23BD5, UniRef:UniRef100_UPI0001F23BD5, UniRef:UniRef50_A0A806CJQ9, UniRef:UniRef90_UPI0001F23BD5
CP002318.1	3162	3518	+	FMBKCJ_003619	14.3	9.6		RefSeq:WP_012615033.1, SO:0001217, UniParc:UPI00017F4968, UniRef:UniRef100_A0A7U3YBP9, UniRef:UniRef50_Q44728, UniRef:UniRef90_A0A7U3YBP9
CP002318.1	3725	3823	+	FMBKCJ_003620	3.6	8.5		
CP002318.1	19577	19756	-	FMBKCJ_003632	6.8	6.2		RefSeq:WP_374108625.1, SO:0001217, UniParc:UPI00017F4AD7, UniRef:UniRef100_UPI00017F4AD7, UniRef:UniRef50_UPI00017F4AD7, UniRef:UniRef90_UPI00017F4AD7
CP002318.1	27977	28153	+	FMBKCJ_003640	6.9	9.6		RefSeq:WP_010257051.1, SO:0001217, UniParc:UPI00016B2F6F, UniRef:UniRef100_A0A7U4DJ52, UniRef:UniRef50_A0A7X0DLS6, UniRef:UniRef90_A0A7U4DJ52
CP002317.1	3	518	-	FMBKCJ_003643	21.4	6.3		
CP002317.1	2257	2355	+	FMBKCJ_003645	3.9	9.6		
CP002317.1	2348	2635	+	FMBKCJ_003646	11.2	10.0		RefSeq:WP_012622462.1, SO:0001217, UniParc:UPI00016B34D8, UniRef:UniRef100_A0A7U4DIN4, UniRef:UniRef50_A0A7U4DIN4, UniRef:UniRef90_A0A7U4DIN4
CP002317.1	18834	19040	+	FMBKCJ_003654	8.2	8.7		SO:0001217, UniRef:UniRef50_A0A7X0DQW6, UniRef:UniRef90_UPI001E38039A
CP002324.1	10229	10672	-	FMBKCJ_003669	16.6	6.7		RefSeq:WP_010256673.1, SO:0001217, UniParc:UPI000005685A, UniRef:UniRef100_O50737, UniRef:UniRef50_O50737, UniRef:UniRef90_O50737
CP002324.1	11077	11415	-	FMBKCJ_003671	13.1	5.0		RefSeq:WP_012622691.1, SO:0001217, UniParc:UPI00016B3624, UniRef:UniRef100_UPI00016B3624, UniRef:UniRef50_O50739, UniRef:UniRef90_O50739
CP002324.1	11428	12261	-	FMBKCJ_003672	31.4	6.3		RefSeq:WP_014540471.1, SO:0001217, UniParc:UPI0001F23DEC, UniRef:UniRef100_UPI0001F23DEC, UniRef:UniRef50_O50740, UniRef:UniRef90_O50740
CP002324.1	15951	16748	-	FMBKCJ_003678	30.6	9.1		RefSeq:WP_014540472.1, SO:0001217, UniParc:UPI0001F23DED, UniRef:UniRef100_UPI0001F23DED, UniRef:UniRef90_A0A9N7B969
CP002324.1	16758	17540	-	FMBKCJ_003679	29.9	6.5		RefSeq:WP_014540473.1, SO:0001217, UniParc:UPI0001F23DEE, UniRef:UniRef100_UPI0001F23DEE, UniRef:UniRef90_O50746
CP002324.1	20623	20994	-	FMBKCJ_003682	13.9	8.5		RefSeq:WP_012622701.1, SO:0001217, UniParc:UPI00016B3782, UniRef:UniRef100_A0A7U4DIU8, UniRef:UniRef50_O50749, UniRef:UniRef90_A0A1L8ZA88
CP002324.1	21679	22092	-	FMBKCJ_003684	16.1	9.3		RefSeq:WP_012622693.1, SO:0001217, UniParc:UPI00017F42BB, UniRef:UniRef100_A0A7U4DIU7, UniRef:UniRef50_O50751, UniRef:UniRef90_A0A1L8ZA81
CP002324.1	26049	26813	-	FMBKCJ_003689	29.7	9.8		RefSeq:WP_014540479.1, SO:0001217, UniParc:UPI0001F23DF4, UniRef:UniRef100_UPI0001F23DF4, UniRef:UniRef50_O50757, UniRef:UniRef90_G0APM7
CP002319.1	4749	4964	+	FMBKCJ_003693	8.6	9.6		RefSeq:WP_010256711.1, SO:0001217, UniParc:UPI00017F3A61, UniRef:UniRef100_UPI00017F3A61, UniRef:UniRef50_UPI00017F3A61, UniRef:UniRef90_UPI00017F3A61
CP002319.1	12669	13112	-	FMBKCJ_003701	16.6	6.7		RefSeq:WP_010256673.1, SO:0001217, UniParc:UPI000005685A, UniRef:UniRef100_O50737, UniRef:UniRef50_O50737, UniRef:UniRef90_O50737
CP002319.1	13517	13855	-	FMBKCJ_003703	13.1	5.0		RefSeq:WP_010256666.1, SO:0001217, UniParc:UPI00017F38EE, UniRef:UniRef100_UPI00017F38EE, UniRef:UniRef50_O50739, UniRef:UniRef90_O50739
CP002319.1	13868	14701	-	FMBKCJ_003704	31.4	6.4		RefSeq:WP_010256663.1, SO:0001217, UniParc:UPI00017F38ED, UniRef:UniRef100_UPI00017F38ED, UniRef:UniRef50_O50740, UniRef:UniRef90_O50740
CP002319.1	18391	19188	-	FMBKCJ_003710	30.4	8.2		
CP002319.1	19198	19980	-	FMBKCJ_003711	29.8	6.0		RefSeq:WP_014540506.1, SO:0001217, UniParc:UPI0001F23BF5, UniRef:UniRef100_UPI0001F23BF5, UniRef:UniRef90_O50746
CP002319.1	23020	23394	-	FMBKCJ_003714	14.0	5.6		RefSeq:WP_010256627.1, SO:0001217, UniParc:UPI0000056866, UniRef:UniRef100_O50749, UniRef:UniRef50_O50749, UniRef:UniRef90_O50749
CP002319.1	24083	24469	-	FMBKCJ_003716	14.9	9.2		RefSeq:WP_010256620.1, SO:0001217, UniParc:UPI0000056868, UniRef:UniRef100_O50751, UniRef:UniRef50_O50751, UniRef:UniRef90_O50751
CP002319.1	29093	29857	-	FMBKCJ_003722	29.2	9.9		RefSeq:WP_014540508.1, SO:0001217, UniParc:UPI0001F23BF8, UniRef:UniRef100_UPI0001F23BF8, UniRef:UniRef50_O50757, UniRef:UniRef90_O50757
CP002315.1	2051	2245	-	FMBKCJ_003725	7.6	11.6		RefSeq:WP_157858415.1, SO:0001217, UniParc:UPI0002E6FB1B, UniRef:UniRef100_UPI0002E6FB1B, UniRef:UniRef50_UPI00017F3800, UniRef:UniRef90_UPI00017F3800
CP002315.1	3515	3799	+	FMBKCJ_003727	11.1	7.9		RefSeq:WP_010890344.1, SO:0001217, UniParc:UPI00000568A7, UniRef:UniRef100_O50813, UniRef:UniRef50_O50813, UniRef:UniRef90_O50813
CP002315.1	14421	14618	-	FMBKCJ_003739	8.0	7.9		
CP002315.1	16618	16839	+	FMBKCJ_003741	8.9	9.5		SO:0001217, UniParc:UPI00000568BF, UniRef:UniRef100_O50837, UniRef:UniRef50_O50837, UniRef:UniRef90_O50837
CP002315.1	17001	17174	+	FMBKCJ_003742	6.8	9.3		RefSeq:WP_012614960.1, SO:0001217, UniParc:UPI00016B368A, UniRef:UniRef100_A0A0H3C422, UniRef:UniRef50_O50838, UniRef:UniRef90_O50838
CP002315.1	19243	19389	+	FMBKCJ_003744	5.6	10.3		SO:0001217, UniRef:UniRef50_A0A7I6GXF4
CP002325.1	4215	4592	-	FMBKCJ_003750	14.9	6.2		SO:0001217, UniRef:UniRef50_A0A9N7BD82, UniRef:UniRef90_A0A9N7BD82
CP002325.1	6464	6739	+	FMBKCJ_003751	10.5	7.8		SO:0001217, UniRef:UniRef50_A0A7U3YBH5, UniRef:UniRef90_A0A7U3YBH5
CP002325.1	23775	23963	+	FMBKCJ_003762	7.3	8.9		RefSeq:WP_044273305.1, SO:0001217, UniParc:UPI0002D2C017, UniRef:UniRef100_UPI0002D2C017, UniRef:UniRef50_UPI0002D2C017, UniRef:UniRef90_UPI0002D2C017
CP002325.1	24567	24941	-	FMBKCJ_003764	14.8	9.7		RefSeq:WP_014540522.1, SO:0001217, UniParc:UPI0001F23DFE, UniRef:UniRef100_UPI0001F23DFE, UniRef:UniRef50_UPI001E32844C, UniRef:UniRef90_UPI0001F23DFE
CP001652.1	15141	15299	+	FMBKCJ_003786	6.1	10.2		RefSeq:WP_012784224.1, SO:0001217, UniParc:UPI00016C5154, UniRef:UniRef100_UPI00016C5154, UniRef:UniRef50_C0RC30, UniRef:UniRef90_A0A9N7G314
CP001652.1	18143	18736	+	FMBKCJ_003790	22.7	9.1		RefSeq:WP_010258362.1, SO:0001217, UniParc:UPI00016B33CF, UniRef:UniRef100_A0A0H3C267, UniRef:UniRef50_O50923, UniRef:UniRef90_O50923
CP001652.1	32920	34317	+	FMBKCJ_003809	52.8	6.6		RefSeq:WP_012784234.1, SO:0001217, UniParc:UPI0001AAF0D5, UniRef:UniRef100_UPI0001AAF0D5, UniRef:UniRef50_Q0SLV8, UniRef:UniRef90_A0A806CL76
CP094597.1	143540	143728	-	FMBKCJ_003969	7.2	9.3		SO:0001217, UniRef:UniRef50_G0AKV4, UniRef:UniRef90_G0AKV4
CP094597.1	156801	157235	+	FMBKCJ_003980	16.9	10.1		RefSeq:WP_010889695.1, SO:0001217, UniParc:UPI0000057387, UniRef:UniRef100_O51178, UniRef:UniRef50_O51178, UniRef:UniRef90_O51178
CP094597.1	162052	162219	+	FMBKCJ_003986	6.3	10.4		RefSeq:WP_002657037.1, SO:0001217, UniParc:UPI000005738D, UniRef:UniRef100_O51184, UniRef:UniRef50_O51184, UniRef:UniRef90_O51184
CP094597.1	271808	272821	-	FMBKCJ_004087	39.1	4.3		RefSeq:WP_010889720.1, SO:0001217, UniParc:UPI00000573ED, UniRef:UniRef100_O51275, UniRef:UniRef50_A0A7I6GVW7, UniRef:UniRef90_O51275
CP094597.1	364818	365411	-	FMBKCJ_004179	23.5	9.8		RefSeq:WP_008882638.1, SO:0001217, UniParc:UPI00017F2A10, UniRef:UniRef100_A0A826GVI4, UniRef:UniRef50_Q0SNF6, UniRef:UniRef90_Q0SNF6
CP094597.1	367631	368056	+	FMBKCJ_004182	16.5	9.7		RefSeq:WP_010889734.1, SO:0001217, UniParc:UPI0000057451, UniRef:UniRef100_O51335, UniRef:UniRef50_O51335, UniRef:UniRef90_O51335
CP094597.1	415864	416280	+	FMBKCJ_004227	16.3	10.4		RefSeq:WP_002556999.1, SO:0001217, UniParc:UPI000005747C, UniRef:UniRef100_O51365, UniRef:UniRef50_B9X884, UniRef:UniRef90_O51365
CP094597.1	442940	443227	-	FMBKCJ_004250	11.3	9.9		RefSeq:WP_044283513.1, SO:0001217, UniParc:UPI00052A27E0, UniRef:UniRef100_UPI00052A27E0, UniRef:UniRef50_UPI0012FF1DCC, UniRef:UniRef90_UPI0012FF1DCC
CP094597.1	643943	644311	+	FMBKCJ_004449	14.6	5.3		RefSeq:WP_002557204.1, SO:0001217, UniParc:UPI000005754F, UniRef:UniRef100_O51562, UniRef:UniRef50_O51562, UniRef:UniRef90_O51562
CP094597.1	653058	654020	+	FMBKCJ_004457	37.3	8.9		RefSeq:WP_002557211.1, SO:0001217, UniParc:UPI0000057556, UniRef:UniRef100_O51569, UniRef:UniRef50_G0AM65, UniRef:UniRef90_G0AM65
CP094597.1	661774	662088	-	FMBKCJ_004464	11.3	8.7		RefSeq:WP_010889785.1, SO:0001217, UniParc:UPI000005755D, UniRef:UniRef100_O51576, UniRef:UniRef50_O51576, UniRef:UniRef90_O51576
CP094597.1	738314	738853	+	FMBKCJ_004534	21.1	9.9		RefSeq:WP_002656268.1, SO:0001217, UniParc:UPI00000575A2, UniRef:UniRef100_O51644, UniRef:UniRef50_D6RW52, UniRef:UniRef90_O51644
CP094597.1	791522	792796	+	FMBKCJ_004585	48.7	4.6		RefSeq:WP_010889815.1, SO:0001217, UniParc:UPI000233F626, UniRef:UniRef100_O51690, UniRef:UniRef50_O51690, UniRef:UniRef90_O51690
CP094597.1	814040	814474	-	FMBKCJ_004609	17.6	9.3		RefSeq:WP_002557361.1, SO:0001217, UniParc:UPI00000575E7, UniRef:UniRef100_O51714, UniRef:UniRef50_O51714, UniRef:UniRef90_O51714
CP094606.1	5600	5980	+	FMBKCJ_004688	14.9	9.9		
CP094606.1	6453	6809	-	FMBKCJ_004689	14.0	9.9		
CP094607.1	1465	1821	+	FMBKCJ_004693	14.3	9.4		RefSeq:WP_010883928.1, SO:0001217, UniParc:UPI000005696E, UniRef:UniRef100_Q44728, UniRef:UniRef50_Q44728, UniRef:UniRef90_Q44728
CP094607.1	3653	3874	+	FMBKCJ_004695	8.6	5.7	PF05714.16|PFam54_60	PFAM:PF05714.16, RefSeq:WP_010258242.1, SO:0001217, UniParc:UPI00016B30E2, UniRef:UniRef100_G5IXH9, UniRef:UniRef50_G5IXH9, UniRef:UniRef90_G5IXH9
CP094607.1	5111	5794	+	FMBKCJ_004696	26.7	9.3		RefSeq:WP_010890251.1, SO:0001217, UniParc:UPI0000056973, UniRef:UniRef100_H7C7M9, UniRef:UniRef50_C0R8X6, UniRef:UniRef90_A0A5J6WFZ6
CP094607.1	16753	16848	-	FMBKCJ_004705	3.7	9.7		
CP094617.1	542	763	-	FMBKCJ_004715	8.8	7.9		SO:0001217, UniRef:UniRef50_A0A806C6L0, UniRef:UniRef90_A0A806C6L0
CP094617.1	3396	4217	-	FMBKCJ_004717	32.7	8.7		
CP094617.1	8244	8369	-	FMBKCJ_004721	4.8	10.6		RefSeq:WP_012614988.1, SO:0001217, UniParc:UPI00016B3107, UniRef:UniRef100_A0A0H3C131, UniRef:UniRef50_A0A0H3C131, UniRef:UniRef90_A0A0H3C131
CP094617.1	8373	8495	-	FMBKCJ_004722	4.7	9.7		RefSeq:WP_012614991.1, SO:0001217, UniParc:UPI000188BFED, UniRef:UniRef100_A0A0H3C0J1, UniRef:UniRef50_A0A0H3C0J1, UniRef:UniRef90_A0A0H3C0J1
CP094617.1	20001	20216	+	FMBKCJ_004731	8.3	4.9		RefSeq:WP_029357333.1, SO:0001217, UniParc:UPI00016B3111, UniRef:UniRef100_UPI00016B3111, UniRef:UniRef50_A0A7W9ZC39, UniRef:UniRef90_UPI00017F3D76
CP094617.1	20704	20952	+	FMBKCJ_004732	10.1	10.2		
CP094617.1	23573	23788	-	FMBKCJ_004734	8.5	8.7		RefSeq:WP_080511133.1, SO:0001217, UniParc:UPI00016B3114, UniRef:UniRef100_UPI00016B3114, UniRef:UniRef50_O50664, UniRef:UniRef90_UPI00016B3114
CP094609.1	118	825	+	FMBKCJ_004763	27.6	9.8		
CP094609.1	6877	6996	-	FMBKCJ_004770	4.9	5.4		
CP094609.1	8845	9030	+	FMBKCJ_004773	7.5	5.7		SO:0001217, UniRef:UniRef50_O50837, UniRef:UniRef90_O50837
CP094609.1	12247	12474	-	FMBKCJ_004777	8.7	8.5		RefSeq:WP_012665401.1, SO:0001217, UniParc:UPI0000056993, UniRef:UniRef100_UPI0000056993, UniRef:UniRef50_UPI0000056993, UniRef:UniRef90_UPI0000056993
CP094609.1	16390	16506	-	FMBKCJ_004782	4.5	5.0		
CP094609.1	16975	17070	-	FMBKCJ_004783	3.9	9.8		
CP094609.1	17070	17282	-	FMBKCJ_004784	8.4	6.2		RefSeq:WP_049755699.1, SO:0001217, UniParc:UPI00016B33E7, UniRef:UniRef100_UPI00016B33E7, UniRef:UniRef50_UPI001F2AD126, UniRef:UniRef90_UPI00016B33E7
CP094609.1	17624	17872	-	FMBKCJ_004785	9.6	9.9		RefSeq:WP_080745463.1, SO:0001217, UniParc:UPI000005699A, UniRef:UniRef100_UPI000005699A, UniRef:UniRef50_UPI000005699A, UniRef:UniRef90_UPI000005699A
CP094610.1	12427	12870	-	FMBKCJ_004805	16.6	6.7		RefSeq:WP_010256673.1, SO:0001217, UniParc:UPI000005685A, UniRef:UniRef100_O50737, UniRef:UniRef50_O50737, UniRef:UniRef90_O50737
CP094610.1	13275	13613	-	FMBKCJ_004807	13.2	4.7		RefSeq:WP_010259656.1, SO:0001217, UniParc:UPI000005685C, UniRef:UniRef100_O50739, UniRef:UniRef50_O50739, UniRef:UniRef90_O50739
CP094610.1	13626	14459	-	FMBKCJ_004808	31.4	6.4		RefSeq:WP_010890292.1, SO:0001217, UniParc:UPI000005685D, UniRef:UniRef100_O50740, UniRef:UniRef50_O50740, UniRef:UniRef90_O50740
CP094610.1	18148	18945	-	FMBKCJ_004814	30.5	8.2		RefSeq:WP_010890297.1, SO:0001217, UniParc:UPI0000056862, UniRef:UniRef100_O50745, UniRef:UniRef90_A0A9N7B969
CP094610.1	18955	19737	-	FMBKCJ_004815	29.8	5.6		RefSeq:WP_010890298.1, SO:0001217, UniParc:UPI0000056863, UniRef:UniRef100_O50746, UniRef:UniRef90_O50746
CP094610.1	22777	23151	-	FMBKCJ_004818	14.0	5.6		RefSeq:WP_010256627.1, SO:0001217, UniParc:UPI0000056866, UniRef:UniRef100_O50749, UniRef:UniRef50_O50749, UniRef:UniRef90_O50749
CP094610.1	23840	24226	-	FMBKCJ_004820	14.9	9.2		RefSeq:WP_010256620.1, SO:0001217, UniParc:UPI0000056868, UniRef:UniRef100_O50751, UniRef:UniRef50_O50751, UniRef:UniRef90_O50751
CP094610.1	28972	29736	-	FMBKCJ_004826	29.2	9.8		RefSeq:WP_010890304.1, SO:0001217, UniParc:UPI000005686E, UniRef:UniRef100_O50757, UniRef:UniRef50_O50757, UniRef:UniRef90_O50757
CP094611.1	13833	13952	-	FMBKCJ_004834	4.4	4.6		RefSeq:WP_012614965.1, SO:0001217, UniParc:UPI00016B2E1E, UniRef:UniRef100_A0A0H3C151, UniRef:UniRef50_A0A0H3C151, UniRef:UniRef90_A0A0H3C151
CP094612.1	16952	17131	-	FMBKCJ_004858	6.9	6.2		SO:0001217, UniRef:UniRef50_UPI00017F4AD7, UniRef:UniRef90_UPI00017F4AD7
CP094600.1	28068	28250	+	FMBKCJ_004952	6.9	7.9		RefSeq:WP_012664891.1, SO:0001217, UniParc:UPI000005767B, UniRef:UniRef100_UPI000005767B, UniRef:UniRef50_UPI00017F3BA8, UniRef:UniRef90_UPI00017F3BA8
CP094601.1	21974	22252	+	FMBKCJ_004989	10.7	4.5		
CP094602.1	27924	28490	+	FMBKCJ_005038	21.8	8.8		RefSeq:WP_010883820.1, SO:0001217, UniParc:UPI00000576C6, UniRef:UniRef100_Q9S0A4, UniRef:UniRef90_Q9S073
CP094603.1	28886	29452	+	FMBKCJ_005081	21.8	8.8		RefSeq:WP_010883850.1, SO:0001217, UniParc:UPI00000576EB, UniRef:UniRef100_Q9S073, UniRef:UniRef90_Q9S073
CP094605.1	3825	3953	+	FMBKCJ_005131	4.4	9.7		SO:0001217, UniRef:UniRef50_B9X9J8
CP094605.1	10283	10504	+	FMBKCJ_005144	8.6	10.0		
CP094605.1	25559	25780	-	FMBKCJ_005169	8.6	9.8		SO:0001217, UniRef:UniRef50_A0A1G4Q5U4
CP094605.1	28027	28545	+	FMBKCJ_005172	20.3	9.2		RefSeq:WP_012593060.1, SO:0001217, UniParc:UPI00017F48F3, UniRef:UniRef100_A0A0H3C438, UniRef:UniRef90_Q9S033
CP094613.1	4655	4849	-	FMBKCJ_005179	7.6	11.6		SO:0001217, UniRef:UniRef50_UPI00017F3800
CP094613.1	6128	6403	+	FMBKCJ_005181	10.7	6.1		RefSeq:WP_010258413.1, SO:0001217, UniParc:UPI00016B3647, UniRef:UniRef100_O50813, UniRef:UniRef50_O50813, UniRef:UniRef90_O50813
CP094613.1	18114	18218	+	FMBKCJ_005192	4.3	8.0		
CP094613.1	18726	18926	+	FMBKCJ_005193	7.8	4.6		SO:0001217, UniRef:UniRef50_A0A7U4DIY2, UniRef:UniRef90_A0A7U4DIY2
CP094613.1	21665	21886	+	FMBKCJ_005195	8.9	9.5		SO:0001217, UniParc:UPI00000568BF, UniRef:UniRef100_O50837, UniRef:UniRef50_O50837, UniRef:UniRef90_O50837
CP094613.1	22047	22220	+	FMBKCJ_005196	6.7	9.4		RefSeq:WP_010890345.1, SO:0001217, UniParc:UPI00000568C0, UniRef:UniRef100_O50838, UniRef:UniRef50_O50838, UniRef:UniRef90_O50838
CP094613.1	22826	23410	-	FMBKCJ_005197	22.1	5.3		RefSeq:WP_052403610.1, SO:0001217, UniParc:UPI0003233FA8, UniRef:UniRef100_UPI0003233FA8, UniRef:UniRef50_A0A0H3BZV3, UniRef:UniRef90_A0A0H3BZV3
CP094613.1	24046	24423	+	FMBKCJ_005199	13.9	5.6		RefSeq:WP_015899368.1, SO:0001217, UniParc:UPI00000568C3, UniRef:UniRef100_UPI00000568C3, UniRef:UniRef50_UPI00016B379E, UniRef:UniRef90_UPI00016B379E
CP094613.1	26338	26556	-	FMBKCJ_005202	8.3	5.0		RefSeq:WP_010890349.1, SO:0001217, UniParc:UPI00000568C6, UniRef:UniRef100_O50844, UniRef:UniRef50_O50844, UniRef:UniRef90_O50844
CP094614.1	8636	8911	-	FMBKCJ_005217	10.4	9.9		RefSeq:WP_367608024.1, SO:0001217, UniParc:UPI0002F1680F, UniRef:UniRef100_UPI0002F1680F, UniRef:UniRef50_O50768, UniRef:UniRef90_O50768
CP094614.1	9799	9927	-	FMBKCJ_005218	4.9	10.2		
CP094614.1	34130	34426	-	FMBKCJ_005236	11.1	9.9		RefSeq:WP_010257615.1, SO:0001217, UniParc:UPI000005689B, UniRef:UniRef100_O50801, UniRef:UniRef50_O50801, UniRef:UniRef90_O50801
CP094614.1	37173	37391	-	FMBKCJ_005240	7.7	9.5		
CP094614.1	38107	38280	-	FMBKCJ_005242	6.5	10.1		RefSeq:WP_157658503.1, SO:0001217, UniParc:UPI000301E9DF, UniRef:UniRef100_UPI000301E9DF, UniRef:UniRef50_UPI001304CA02, UniRef:UniRef90_UPI001304CA02
CP094615.1	15077	15235	+	FMBKCJ_005261	6.1	10.2		RefSeq:WP_010259080.1, SO:0001217, UniParc:UPI0000056910, UniRef:UniRef100_UPI0000056910, UniRef:UniRef50_C0RC30, UniRef:UniRef90_A0A9N7G314
CP094615.1	18057	18650	+	FMBKCJ_005265	22.7	9.1		RefSeq:WP_010890382.1, SO:0001217, UniParc:UPI0000056917, UniRef:UniRef100_O50923, UniRef:UniRef50_O50923, UniRef:UniRef90_O50923
CP094615.1	32898	34295	+	FMBKCJ_005284	52.8	6.5		RefSeq:WP_012622802.1, SO:0001217, UniParc:UPI000005692B, UniRef:UniRef100_A0A7U4DJ15, UniRef:UniRef50_Q0SLV8, UniRef:UniRef90_A0A806CL76
CP094615.1	51635	52108	+	FMBKCJ_005305	17.2	8.9		
CP094615.1	52123	52251	+	FMBKCJ_005306	4.8	4.6		SO:0001217, UniRef:UniRef50_A0A0H3C151
CP094615.1	52264	52407	+	FMBKCJ_005307	5.1	10.1		
CP094616.1	2107	2301	-	FMBKCJ_005312	7.8	6.7		
CP094616.1	6283	6621	-	FMBKCJ_005318	13.6	9.7		
CP094616.1	31839	32405	+	FMBKCJ_005355	21.8	9.1		RefSeq:WP_010883937.1, SO:0001217, UniParc:UPI0000057752, UniRef:UniRef100_Q9RZY1, UniRef:UniRef90_Q9S073
CP094616.1	37763	38143	-	FMBKCJ_005362	14.3	6.7		RefSeq:WP_231013320.1, SO:0001217, UniParc:UPI0003F834B4, UniRef:UniRef100_UPI0000057758, UniRef:UniRef50_I0FF88, UniRef:UniRef90_UPI0000057758
CP094616.1	38512	39024	-	FMBKCJ_005363	19.4	8.8		RefSeq:WP_164928174.1, SO:0001217, UniParc:UPI000005775A, UniRef:UniRef100_UPI000005775A, UniRef:UniRef50_UPI001F349D59, UniRef:UniRef90_UPI0009F1771F
CP094616.1	39749	39880	-	FMBKCJ_005364	5.0	4.2		
CP094616.1	39906	40133	-	FMBKCJ_005365	8.6	8.7		RefSeq:WP_024705874.1, SO:0001217, UniParc:UPI000005775D, UniRef:UniRef100_UPI000005775D, UniRef:UniRef50_UPI001AEED6C8, UniRef:UniRef90_UPI001E5DCC1C
CP094616.1	44661	44930	+	FMBKCJ_005368	10.6	9.5		RefSeq:WP_012672645.1, SO:0001217, UniParc:UPI00016C583D, UniRef:UniRef100_UPI00016C583D, UniRef:UniRef50_UPI00016C583D, UniRef:UniRef90_UPI00016C583D
CP094616.1	51123	51476	-	FMBKCJ_005371	14.1	9.4		RefSeq:WP_257730687.1, SO:0001217, UniParc:UPI00214FDF78, UniRef:UniRef100_UPI00214FDF78, UniRef:UniRef50_Q44728, UniRef:UniRef90_UPI00214FDF78
CP031412.1	2	349	+	FMBKCJ_005373	13.5	8.1		SO:0001217, UniRef:UniRef50_A0A1L8ZDT6, UniRef:UniRef90_UPI0002DD5E2F
CP031412.1	144053	144241	-	FMBKCJ_005513	7.2	9.3		SO:0001217, UniRef:UniRef50_G0AKV4, UniRef:UniRef90_G0AKV4
CP031412.1	157314	157748	+	FMBKCJ_005524	16.9	10.2		RefSeq:WP_002661979.1, SO:0001217, UniParc:UPI00016C39E6, UniRef:UniRef100_UPI00016C39E6, UniRef:UniRef50_O51178, UniRef:UniRef90_O51178
CP031412.1	162565	162732	+	FMBKCJ_005530	6.3	10.4		RefSeq:WP_002657037.1, SO:0001217, UniParc:UPI000005738D, UniRef:UniRef100_O51184, UniRef:UniRef50_O51184, UniRef:UniRef90_O51184
CP031412.1	272331	273344	-	FMBKCJ_005631	39.1	4.3		RefSeq:WP_002661829.1, SO:0001217, UniParc:UPI00016C43D1, UniRef:UniRef100_UPI00016C43D1, UniRef:UniRef50_A0A7I6GVW7, UniRef:UniRef90_O51275
CP031412.1	365351	365944	-	FMBKCJ_005723	23.5	9.8		RefSeq:WP_002660620.1, SO:0001217, UniParc:UPI00016C4A9F, UniRef:UniRef100_A0A7U8I753, UniRef:UniRef50_Q0SNF6, UniRef:UniRef90_Q0SNF6
CP031412.1	368164	368589	+	FMBKCJ_005726	16.5	9.8		RefSeq:WP_042344817.1, SO:0001217, UniParc:UPI00016B3B6C, UniRef:UniRef100_UPI00016B3B6C, UniRef:UniRef50_O51335, UniRef:UniRef90_O51335
CP031412.1	416401	416817	+	FMBKCJ_005771	16.2	10.4		RefSeq:WP_115655792.1, SO:0001217, UniParc:UPI000E20BFC2, UniRef:UniRef100_UPI000E20BFC2, UniRef:UniRef50_B9X884, UniRef:UniRef90_O51365
CP031412.1	644411	644779	+	FMBKCJ_005992	14.6	5.3		RefSeq:WP_002557204.1, SO:0001217, UniParc:UPI000005754F, UniRef:UniRef100_O51562, UniRef:UniRef50_O51562, UniRef:UniRef90_O51562
CP031412.1	653525	654487	+	FMBKCJ_006000	37.3	8.9		RefSeq:WP_002557211.1, SO:0001217, UniParc:UPI0000057556, UniRef:UniRef100_O51569, UniRef:UniRef50_G0AM65, UniRef:UniRef90_G0AM65
CP031412.1	662241	662555	-	FMBKCJ_006007	11.3	8.7		RefSeq:WP_002656819.1, SO:0001217, UniParc:UPI00016B2F7F, UniRef:UniRef100_UPI00016B2F7F, UniRef:UniRef50_O51576, UniRef:UniRef90_O51576
CP031412.1	738779	739318	+	FMBKCJ_006077	21.1	9.9		RefSeq:WP_002656268.1, SO:0001217, UniParc:UPI00000575A2, UniRef:UniRef100_O51644, UniRef:UniRef50_D6RW52, UniRef:UniRef90_O51644
CP031412.1	791986	793260	+	FMBKCJ_006128	48.6	4.5		RefSeq:WP_115655802.1, SO:0001217, UniParc:UPI000E20A407, UniRef:UniRef100_UPI000E20A407, UniRef:UniRef50_O51690, UniRef:UniRef90_O51690
CP031412.1	814513	814947	-	FMBKCJ_006152	17.6	9.3		RefSeq:WP_002661540.1, SO:0001217, UniParc:UPI00016C486E, UniRef:UniRef100_UPI00016C486E, UniRef:UniRef50_O51714, UniRef:UniRef90_O51714
CP031412.1	906126	906383	+	FMBKCJ_006224	10.3	8.6		SO:0001217, UniRef:UniRef50_A0A7U8EX85, UniRef:UniRef90_A0A7U8EX85
CP031399.1	5719	5883	-	FMBKCJ_006235	6.3	8.6		
CP031399.1	8470	8634	-	FMBKCJ_006238	6.3	8.6		
CP031400.1	3	143	+	FMBKCJ_006241	5.2	5.3		
CP031400.1	774	992	+	FMBKCJ_006242	8.1	4.2		
CP031400.1	3086	3184	+	FMBKCJ_006243	3.9	9.1		
CP031400.1	3436	4119	+	FMBKCJ_006244	26.7	9.3		RefSeq:WP_010890251.1, SO:0001217, UniParc:UPI0000056973, UniRef:UniRef100_H7C7M9, UniRef:UniRef50_C0R8X6, UniRef:UniRef90_A0A5J6WFZ6
CP031401.1	1	264	-	FMBKCJ_006253	10.0	6.2	PF03796.21|DnaB_C	PFAM:PF03796.21
CP031401.1	3886	4596	-	FMBKCJ_006256	28.0	5.8		
CP031402.1	2	178	+	FMBKCJ_006297	6.8	5.3		
CP031402.1	13387	13506	-	FMBKCJ_006304	4.4	4.6		SO:0001217, UniRef:UniRef50_A0A0H3C151, UniRef:UniRef90_A0A0H3C151
CP031402.1	26397	26768	-	FMBKCJ_006313	14.8	9.8		
CP031403.1	730	1086	+	FMBKCJ_006315	14.3	9.6		RefSeq:WP_012672402.1, SO:0001217, UniParc:UPI000198222F, UniRef:UniRef100_UPI000198222F, UniRef:UniRef50_Q44728, UniRef:UniRef90_A0A7U3YBP9
CP031403.1	1293	1391	+	FMBKCJ_006316	3.6	6.5		
CP031403.1	3608	3847	+	FMBKCJ_006319	8.8	9.7		RefSeq:WP_012615028.1, SO:0001217, UniParc:UPI00016B2DFC, UniRef:UniRef100_A0A7U3YBR9, UniRef:UniRef50_A0A7U3YBR9, UniRef:UniRef90_A0A7U3YBR9
CP031403.1	25492	25668	+	FMBKCJ_006337	6.9	9.6		RefSeq:WP_010257051.1, SO:0001217, UniParc:UPI00016B2F6F, UniRef:UniRef100_A0A7U4DJ52, UniRef:UniRef50_A0A7X0DLS6, UniRef:UniRef90_A0A7U4DJ52
CP031409.1	6264	6539	+	FMBKCJ_006341	10.5	6.3		SO:0001217, UniParc:UPI00016B2DC2, UniRef:UniRef100_A0A7U3YBH5, UniRef:UniRef50_A0A7U3YBH5, UniRef:UniRef90_A0A7U3YBH5
CP031409.1	13343	13525	+	FMBKCJ_006348	7.0	8.1		SO:0001217, UniRef:UniRef50_UPI00016C53CC, UniRef:UniRef90_UPI00016C53CC
CP031408.1	23576	23716	+	FMBKCJ_006395	5.6	8.0		SO:0001217, UniRef:UniRef50_B8F187
CP031408.1	29619	29912	+	FMBKCJ_006407	10.5	5.0		RefSeq:WP_264080686.1, SO:0001217, UniParc:UPI000E29518B, UniRef:UniRef100_UPI000E29518B, UniRef:UniRef50_UPI000E29518B, UniRef:UniRef90_UPI000E29518B
CP031410.1	1	117	+	FMBKCJ_006411	4.1	4.4		
CP031410.1	12010	12270	+	FMBKCJ_006429	9.5	7.7		
CP031405.1	19927	19995	+	FMBKCJ_006490	2.8	4.3		
CP031407.1	12693	12941	+	FMBKCJ_006508	9.8	6.3		RefSeq:WP_225972628.1, SO:0001217, UniParc:UPI000E29A8B5, UniRef:UniRef100_UPI000E29A8B5, UniRef:UniRef50_UPI000E29A8B5, UniRef:UniRef90_UPI000E29A8B5
CP031407.1	12984	13289	+	FMBKCJ_006509	11.9	9.3		RefSeq:WP_225972629.1, SO:0001217, UniParc:UPI000E295F27, UniRef:UniRef100_UPI000E295F27, UniRef:UniRef50_UPI000E295F27, UniRef:UniRef90_UPI000E295F27
CP031406.1	4500	4859	+	FMBKCJ_006518	13.4	6.8		SO:0001217, UniRef:UniRef50_G0ANT6, UniRef:UniRef90_A0A7W9ZP10
CP031406.1	8228	8428	+	FMBKCJ_006525	7.9	9.8		
CP031404.1	13603	13707	+	FMBKCJ_006571	4.3	8.0		
CP031404.1	14214	14414	+	FMBKCJ_006572	7.9	4.5		SO:0001217, UniParc:UPI000191DE9E, UniRef:UniRef100_A0A7U4DIY2, UniRef:UniRef50_A0A7U4DIY2, UniRef:UniRef90_A0A7U4DIY2
CP031404.1	17160	17381	+	FMBKCJ_006574	8.9	9.5		SO:0001217, UniParc:UPI00000568BF, UniRef:UniRef100_O50837, UniRef:UniRef50_O50837, UniRef:UniRef90_O50837
CP031404.1	17543	17716	+	FMBKCJ_006575	6.7	9.3		RefSeq:WP_012665886.1, SO:0001217, UniParc:UPI00016C4843, UniRef:UniRef100_A0A7U4DIW0, UniRef:UniRef50_O50838, UniRef:UniRef90_O50838
CP031404.1	27170	27949	-	FMBKCJ_006582	29.9	9.8		SO:0001217, UniRef:UniRef50_O50757, UniRef:UniRef90_UPI00016C55D9
CP031397.1	15301	15459	+	FMBKCJ_006601	6.1	10.0		RefSeq:WP_012672530.1, SO:0001217, UniParc:UPI00016C3C60, UniRef:UniRef100_UPI00016C3C60, UniRef:UniRef50_C0RC30, UniRef:UniRef90_A0A9N7G314
CP031397.1	33067	34464	+	FMBKCJ_006624	52.8	6.5		RefSeq:WP_012622802.1, SO:0001217, UniParc:UPI000005692B, UniRef:UniRef100_A0A7U4DJ15, UniRef:UniRef50_Q0SLV8, UniRef:UniRef90_A0A806CL76
CP124092.1	144291	144479	-	FMBKCJ_006787	7.2	9.3		SO:0001217, UniRef:UniRef50_G0AKV4, UniRef:UniRef90_G0AKV4
CP124092.1	157552	157986	+	FMBKCJ_006798	16.9	10.1		RefSeq:WP_010889695.1, SO:0001217, UniParc:UPI0000057387, UniRef:UniRef100_O51178, UniRef:UniRef50_O51178, UniRef:UniRef90_O51178
CP124092.1	162803	162970	+	FMBKCJ_006804	6.3	10.4		RefSeq:WP_002657037.1, SO:0001217, UniParc:UPI000005738D, UniRef:UniRef100_O51184, UniRef:UniRef50_O51184, UniRef:UniRef90_O51184
CP124092.1	272559	273572	-	FMBKCJ_006905	39.1	4.3		RefSeq:WP_010889720.1, SO:0001217, UniParc:UPI00000573ED, UniRef:UniRef100_O51275, UniRef:UniRef50_A0A7I6GVW7, UniRef:UniRef90_O51275
CP124092.1	365569	366162	-	FMBKCJ_006997	23.5	9.8		RefSeq:WP_008882638.1, SO:0001217, UniParc:UPI00017F2A10, UniRef:UniRef100_A0A826GVI4, UniRef:UniRef50_Q0SNF6, UniRef:UniRef90_Q0SNF6
CP124092.1	368382	368807	+	FMBKCJ_007000	16.5	9.7		RefSeq:WP_010889734.1, SO:0001217, UniParc:UPI0000057451, UniRef:UniRef100_O51335, UniRef:UniRef50_O51335, UniRef:UniRef90_O51335
CP124092.1	416615	417031	+	FMBKCJ_007045	16.3	10.4		RefSeq:WP_002556999.1, SO:0001217, UniParc:UPI000005747C, UniRef:UniRef100_O51365, UniRef:UniRef50_B9X884, UniRef:UniRef90_O51365
CP124092.1	443691	443978	-	FMBKCJ_007068	11.3	9.9		RefSeq:WP_044283513.1, SO:0001217, UniParc:UPI00052A27E0, UniRef:UniRef100_UPI00052A27E0, UniRef:UniRef50_UPI0012FF1DCC, UniRef:UniRef90_UPI0012FF1DCC
CP124092.1	644694	645062	+	FMBKCJ_007267	14.6	5.3		RefSeq:WP_002557204.1, SO:0001217, UniParc:UPI000005754F, UniRef:UniRef100_O51562, UniRef:UniRef50_O51562, UniRef:UniRef90_O51562
CP124092.1	653809	654771	+	FMBKCJ_007275	37.3	8.9		RefSeq:WP_002557211.1, SO:0001217, UniParc:UPI0000057556, UniRef:UniRef100_O51569, UniRef:UniRef50_G0AM65, UniRef:UniRef90_G0AM65
CP124092.1	662525	662839	-	FMBKCJ_007282	11.3	8.7		RefSeq:WP_010889785.1, SO:0001217, UniParc:UPI000005755D, UniRef:UniRef100_O51576, UniRef:UniRef50_O51576, UniRef:UniRef90_O51576
CP124092.1	739064	739603	+	FMBKCJ_007352	21.1	9.9		RefSeq:WP_002656268.1, SO:0001217, UniParc:UPI00000575A2, UniRef:UniRef100_O51644, UniRef:UniRef50_D6RW52, UniRef:UniRef90_O51644
CP124092.1	792272	793546	+	FMBKCJ_007403	48.7	4.6		RefSeq:WP_010889815.1, SO:0001217, UniParc:UPI000233F626, UniRef:UniRef100_O51690, UniRef:UniRef50_O51690, UniRef:UniRef90_O51690
CP124092.1	814799	815233	-	FMBKCJ_007427	17.6	9.3		RefSeq:WP_002557361.1, SO:0001217, UniParc:UPI00000575E7, UniRef:UniRef100_O51714, UniRef:UniRef50_O51714, UniRef:UniRef90_O51714
CP124090.1	1440	1796	+	FMBKCJ_007502	14.3	9.4		RefSeq:WP_010883928.1, SO:0001217, UniParc:UPI000005696E, UniRef:UniRef100_Q44728, UniRef:UniRef50_Q44728, UniRef:UniRef90_Q44728
CP124090.1	3628	3849	+	FMBKCJ_007504	8.6	5.7	PF05714.16|PFam54_60	PFAM:PF05714.16, RefSeq:WP_010258242.1, SO:0001217, UniParc:UPI00016B30E2, UniRef:UniRef100_G5IXH9, UniRef:UniRef50_G5IXH9, UniRef:UniRef90_G5IXH9
CP124090.1	5086	5769	+	FMBKCJ_007505	26.7	9.3		RefSeq:WP_010890251.1, SO:0001217, UniParc:UPI0000056973, UniRef:UniRef100_H7C7M9, UniRef:UniRef50_C0R8X6, UniRef:UniRef90_A0A5J6WFZ6
CP124091.1	15150	15308	+	FMBKCJ_007558	6.0	10.2		RefSeq:WP_199176731.1, SO:0001217, UniParc:UPI0018EC4253, UniRef:UniRef100_UPI0018EC4253, UniRef:UniRef50_C0RC30, UniRef:UniRef90_A0A9N7G314
CP124091.1	18130	18723	+	FMBKCJ_007562	22.7	9.1		RefSeq:WP_010890382.1, SO:0001217, UniParc:UPI0000056917, UniRef:UniRef100_O50923, UniRef:UniRef50_O50923, UniRef:UniRef90_O50923
CP124091.1	32971	34368	+	FMBKCJ_007581	52.8	6.5		RefSeq:WP_012622802.1, SO:0001217, UniParc:UPI000005692B, UniRef:UniRef100_A0A7U4DJ15, UniRef:UniRef50_Q0SLV8, UniRef:UniRef90_A0A806CL76
CP019916.1	144364	144552	-	FMBKCJ_007745	7.2	9.3		SO:0001217, UniRef:UniRef50_G0AKV4, UniRef:UniRef90_G0AKV4
CP019916.1	157625	158059	+	FMBKCJ_007756	16.9	10.1		RefSeq:WP_010889695.1, SO:0001217, UniParc:UPI0000057387, UniRef:UniRef100_O51178, UniRef:UniRef50_O51178, UniRef:UniRef90_O51178
CP019916.1	162876	163043	+	FMBKCJ_007762	6.3	10.4		RefSeq:WP_002657037.1, SO:0001217, UniParc:UPI000005738D, UniRef:UniRef100_O51184, UniRef:UniRef50_O51184, UniRef:UniRef90_O51184
CP019916.1	212059	213519	+	FMBKCJ_007812	55.8	9.0	PF13428.12|TPR_14	PFAM:PF13428.12
CP019916.1	216936	217256	+	FMBKCJ_007815	12.5	9.5	PF08676.16|MutL_C	PFAM:PF08676.16
CP019916.1	272631	273644	-	FMBKCJ_007865	39.1	4.3		RefSeq:WP_010889720.1, SO:0001217, UniParc:UPI00000573ED, UniRef:UniRef100_O51275, UniRef:UniRef50_A0A7I6GVW7, UniRef:UniRef90_O51275
CP019916.1	365641	366234	-	FMBKCJ_007957	23.5	9.8		RefSeq:WP_008882638.1, SO:0001217, UniParc:UPI00017F2A10, UniRef:UniRef100_A0A826GVI4, UniRef:UniRef50_Q0SNF6, UniRef:UniRef90_Q0SNF6
CP019916.1	368454	368879	+	FMBKCJ_007960	16.5	9.7		RefSeq:WP_010889734.1, SO:0001217, UniParc:UPI0000057451, UniRef:UniRef100_O51335, UniRef:UniRef50_O51335, UniRef:UniRef90_O51335
CP019916.1	416686	417102	+	FMBKCJ_008006	16.3	10.4		RefSeq:WP_002556999.1, SO:0001217, UniParc:UPI000005747C, UniRef:UniRef100_O51365, UniRef:UniRef50_B9X884, UniRef:UniRef90_O51365
CP019916.1	443762	444049	-	FMBKCJ_008029	11.3	9.9		RefSeq:WP_044283513.1, SO:0001217, UniParc:UPI00052A27E0, UniRef:UniRef100_UPI00052A27E0, UniRef:UniRef50_UPI0012FF1DCC, UniRef:UniRef90_UPI0012FF1DCC
CP019916.1	644765	645133	+	FMBKCJ_008228	14.6	5.3		RefSeq:WP_002557204.1, SO:0001217, UniParc:UPI000005754F, UniRef:UniRef100_O51562, UniRef:UniRef50_O51562, UniRef:UniRef90_O51562
CP019916.1	653880	654842	+	FMBKCJ_008236	37.3	8.9		RefSeq:WP_002557211.1, SO:0001217, UniParc:UPI0000057556, UniRef:UniRef100_O51569, UniRef:UniRef50_G0AM65, UniRef:UniRef90_G0AM65
CP019916.1	662596	662910	-	FMBKCJ_008243	11.3	8.7		RefSeq:WP_010889785.1, SO:0001217, UniParc:UPI000005755D, UniRef:UniRef100_O51576, UniRef:UniRef50_O51576, UniRef:UniRef90_O51576
CP019916.1	739136	739675	+	FMBKCJ_008313	21.1	9.9		RefSeq:WP_002656268.1, SO:0001217, UniParc:UPI00000575A2, UniRef:UniRef100_O51644, UniRef:UniRef50_D6RW52, UniRef:UniRef90_O51644
CP019916.1	792344	793618	+	FMBKCJ_008364	48.7	4.6		RefSeq:WP_010889815.1, SO:0001217, UniParc:UPI000233F626, UniRef:UniRef100_O51690, UniRef:UniRef50_O51690, UniRef:UniRef90_O51690
CP019916.1	814871	815305	-	FMBKCJ_008388	17.6	9.3		RefSeq:WP_002557361.1, SO:0001217, UniParc:UPI00000575E7, UniRef:UniRef100_O51714, UniRef:UniRef50_O51714, UniRef:UniRef90_O51714
CP019922.1	11062	11745	-	FMBKCJ_008469	26.7	9.3		RefSeq:WP_010890251.1, SO:0001217, UniParc:UPI0000056973, UniRef:UniRef100_H7C7M9, UniRef:UniRef50_C0R8X6, UniRef:UniRef90_A0A5J6WFZ6
CP019922.1	12982	13203	-	FMBKCJ_008470	8.6	5.7	PF05714.16|PFam54_60	PFAM:PF05714.16, RefSeq:WP_010258242.1, SO:0001217, UniParc:UPI00016B30E2, UniRef:UniRef100_G5IXH9, UniRef:UniRef50_G5IXH9, UniRef:UniRef90_G5IXH9
CP019922.1	15035	15391	-	FMBKCJ_008472	14.3	9.4		RefSeq:WP_010883928.1, SO:0001217, UniParc:UPI000005696E, UniRef:UniRef100_Q44728, UniRef:UniRef50_Q44728, UniRef:UniRef90_Q44728
CP019923.1	10742	10990	+	FMBKCJ_008507	9.6	9.9		RefSeq:WP_080745463.1, SO:0001217, UniParc:UPI000005699A, UniRef:UniRef100_UPI000005699A, UniRef:UniRef50_UPI000005699A, UniRef:UniRef90_UPI000005699A
CP019923.1	11332	11544	+	FMBKCJ_008508	8.4	6.2		RefSeq:WP_049755699.1, SO:0001217, UniParc:UPI00016B33E7, UniRef:UniRef100_UPI00016B33E7, UniRef:UniRef50_UPI001F2AD126, UniRef:UniRef90_UPI00016B33E7
CP019923.1	11544	11639	+	FMBKCJ_008509	3.9	9.8		
CP019923.1	12108	12224	+	FMBKCJ_008510	4.5	5.0		
CP019923.1	16140	16367	+	FMBKCJ_008515	8.7	8.5		RefSeq:WP_012665401.1, SO:0001217, UniParc:UPI0000056993, UniRef:UniRef100_UPI0000056993, UniRef:UniRef50_UPI0000056993, UniRef:UniRef90_UPI0000056993
CP019923.1	19584	19769	-	FMBKCJ_008519	7.5	5.7		SO:0001217, UniRef:UniRef50_O50837, UniRef:UniRef90_O50837
CP019923.1	21618	21737	+	FMBKCJ_008522	4.9	5.4		
CP019923.1	27789	28157	-	FMBKCJ_008529	14.3	9.2		
CP019920.1	4942	5115	+	FMBKCJ_008580	6.4	5.0		
CP019920.1	23633	23815	+	FMBKCJ_008607	6.9	7.9		RefSeq:WP_012664891.1, SO:0001217, UniParc:UPI000005767B, UniRef:UniRef100_UPI000005767B, UniRef:UniRef50_UPI00017F3BA8, UniRef:UniRef90_UPI00017F3BA8
CP019918.1	51501	51884	+	FMBKCJ_008684	14.5	4.3		
CP019921.1	1306	1467	+	FMBKCJ_008691	6.4	4.8		
CP019921.1	10283	10504	+	FMBKCJ_008708	8.6	10.0		
CP019921.1	25558	25779	-	FMBKCJ_008732	8.6	9.8		SO:0001217, UniRef:UniRef50_A0A1G4Q5U4
CP019921.1	28026	28544	+	FMBKCJ_008735	20.3	9.2		RefSeq:WP_012593060.1, SO:0001217, UniParc:UPI00017F48F3, UniRef:UniRef100_A0A0H3C438, UniRef:UniRef90_Q9S033
CP019921.1	52632	52910	+	FMBKCJ_008772	10.7	4.5		
CP019924.1	4902	5096	-	FMBKCJ_008787	7.6	11.6		SO:0001217, UniRef:UniRef50_UPI00017F3800
CP019924.1	6375	6650	+	FMBKCJ_008789	10.7	6.1		RefSeq:WP_010258413.1, SO:0001217, UniParc:UPI00016B3647, UniRef:UniRef100_O50813, UniRef:UniRef50_O50813, UniRef:UniRef90_O50813
CP019924.1	18361	18465	+	FMBKCJ_008800	4.3	8.0		
CP019924.1	18973	19173	+	FMBKCJ_008801	7.8	4.6		SO:0001217, UniRef:UniRef50_A0A7U4DIY2, UniRef:UniRef90_A0A7U4DIY2
CP019924.1	21912	22133	+	FMBKCJ_008803	8.9	9.5		SO:0001217, UniParc:UPI00000568BF, UniRef:UniRef100_O50837, UniRef:UniRef50_O50837, UniRef:UniRef90_O50837
CP019924.1	22294	22467	+	FMBKCJ_008804	6.7	9.4		RefSeq:WP_010890345.1, SO:0001217, UniParc:UPI00000568C0, UniRef:UniRef100_O50838, UniRef:UniRef50_O50838, UniRef:UniRef90_O50838
CP019924.1	23073	23657	-	FMBKCJ_008805	22.1	5.3		RefSeq:WP_052403610.1, SO:0001217, UniParc:UPI0003233FA8, UniRef:UniRef100_UPI0003233FA8, UniRef:UniRef50_A0A0H3BZV3, UniRef:UniRef90_A0A0H3BZV3
CP019924.1	24293	24670	+	FMBKCJ_008807	13.9	5.6		RefSeq:WP_015899368.1, SO:0001217, UniParc:UPI00000568C3, UniRef:UniRef100_UPI00000568C3, UniRef:UniRef50_UPI00016B379E, UniRef:UniRef90_UPI00016B379E
CP019924.1	26585	26803	-	FMBKCJ_008810	8.3	5.0		RefSeq:WP_010890349.1, SO:0001217, UniParc:UPI00000568C6, UniRef:UniRef100_O50844, UniRef:UniRef50_O50844, UniRef:UniRef90_O50844
CP019925.1	15148	15306	+	FMBKCJ_008838	6.1	10.2		RefSeq:WP_010259080.1, SO:0001217, UniParc:UPI0000056910, UniRef:UniRef100_UPI0000056910, UniRef:UniRef50_C0RC30, UniRef:UniRef90_A0A9N7G314
CP019925.1	18128	18721	+	FMBKCJ_008842	22.7	9.1		RefSeq:WP_010890382.1, SO:0001217, UniParc:UPI0000056917, UniRef:UniRef100_O50923, UniRef:UniRef50_O50923, UniRef:UniRef90_O50923
CP019925.1	32969	34366	+	FMBKCJ_008861	52.8	6.5		RefSeq:WP_012622802.1, SO:0001217, UniParc:UPI000005692B, UniRef:UniRef100_A0A7U4DJ15, UniRef:UniRef50_Q0SLV8, UniRef:UniRef90_A0A806CL76
CP019926.1	2160	2354	-	FMBKCJ_008887	7.8	6.7		
CP019926.1	6336	6674	-	FMBKCJ_008893	13.6	9.7		
CP019926.1	31892	32458	+	FMBKCJ_008930	21.8	9.1		RefSeq:WP_010883937.1, SO:0001217, UniParc:UPI0000057752, UniRef:UniRef100_Q9RZY1, UniRef:UniRef90_Q9S073
CP019926.1	37816	38196	-	FMBKCJ_008937	14.3	6.7		RefSeq:WP_231013320.1, SO:0001217, UniParc:UPI0003F834B4, UniRef:UniRef100_UPI0000057758, UniRef:UniRef50_I0FF88, UniRef:UniRef90_UPI0000057758
CP019926.1	38565	39077	-	FMBKCJ_008938	19.4	8.8		RefSeq:WP_083013073.1, SO:0001217, UniParc:UPI0009F1771F, UniRef:UniRef100_UPI0009F1771F, UniRef:UniRef50_UPI001F349D59, UniRef:UniRef90_UPI0009F1771F
CP019926.1	39802	39933	-	FMBKCJ_008939	5.0	4.2		
CP019926.1	39959	40186	-	FMBKCJ_008940	8.6	8.7		RefSeq:WP_024705874.1, SO:0001217, UniParc:UPI000005775D, UniRef:UniRef100_UPI000005775D, UniRef:UniRef50_UPI001AEED6C8, UniRef:UniRef90_UPI001E5DCC1C
CP019926.1	44714	44983	+	FMBKCJ_008943	10.6	9.5		RefSeq:WP_012672645.1, SO:0001217, UniParc:UPI00016C583D, UniRef:UniRef100_UPI00016C583D, UniRef:UniRef50_UPI00016C583D, UniRef:UniRef90_UPI00016C583D
CP019926.1	51172	51528	-	FMBKCJ_008946	14.3	9.4		RefSeq:WP_010883928.1, SO:0001217, UniParc:UPI000005696E, UniRef:UniRef100_Q44728, UniRef:UniRef50_Q44728, UniRef:UniRef90_Q44728
CP001449.1	27132	27659	+	FMBKCJ_009053	20.8	9.1		RefSeq:WP_012621486.1, SO:0001217, UniParc:UPI00016B2C5B, UniRef:UniRef100_A0A9N7ARY7, UniRef:UniRef90_A0A0H3C0R6
CP001453.1	15725	15916	-	FMBKCJ_009141	7.3	7.9		RefSeq:WP_012664971.1, SO:0001217, UniParc:UPI00017F3852, UniRef:UniRef100_UPI00017F3852, UniRef:UniRef50_UPI00017F3852, UniRef:UniRef90_UPI00017F3852
CP001450.1	28592	28720	+	FMBKCJ_009186	4.9	10.2		
CP001460.1	3275	3439	-	FMBKCJ_009236	6.3	8.6		
CP001460.1	6762	6869	-	FMBKCJ_009240	4.2	10.0		
CP001461.1	3575	4258	+	FMBKCJ_009244	26.7	9.4		RefSeq:WP_012622432.1, SO:0001217, UniParc:UPI00016B27D7, UniRef:UniRef100_A0A9N7B4Y8, UniRef:UniRef50_C0R8X6, UniRef:UniRef90_A0A5J6WFZ6
CP001459.1	7938	8063	-	FMBKCJ_009256	4.8	10.6		RefSeq:WP_012614988.1, SO:0001217, UniParc:UPI00016B3107, UniRef:UniRef100_A0A0H3C131, UniRef:UniRef50_A0A0H3C131, UniRef:UniRef90_A0A0H3C131
CP001459.1	8067	8189	-	FMBKCJ_009257	4.8	9.9		SO:0001217, UniRef:UniRef50_A0A0H3C0J1, UniRef:UniRef90_A0A0H3C0J1
CP001459.1	19285	19395	+	FMBKCJ_009266	4.4	9.7		
CP001459.1	20289	20432	+	FMBKCJ_009267	5.4	4.4		SO:0001217, UniRef:UniRef50_A0A7W9ZC39, UniRef:UniRef90_UPI00017F3D76
CP001459.1	23824	24006	-	FMBKCJ_009269	7.3	9.4		SO:0001217, UniRef:UniRef50_O50664, UniRef:UniRef90_UPI00017F2CB8
CP001456.1	2	163	+	FMBKCJ_009270	6.2	9.5		
CP001456.1	1372	1599	-	FMBKCJ_009271	8.8	6.2		RefSeq:WP_012666138.1, SO:0001217, UniParc:UPI000195E0F5, UniRef:UniRef100_UPI000195E0F5, UniRef:UniRef50_UPI000195E0F5, UniRef:UniRef90_UPI000195E0F5
CP001456.1	1993	2217	-	FMBKCJ_009272	8.6	8.8		RefSeq:WP_233186164.1, SO:0001217, UniParc:UPI001E61FD95, UniRef:UniRef100_UPI001E3B9490, UniRef:UniRef50_UPI001E3B9490, UniRef:UniRef90_UPI001E3B9490
CP001456.1	2159	2305	-	FMBKCJ_009273	5.7	9.3		
CP001456.1	2580	2912	-	FMBKCJ_009274	13.1	9.3		RefSeq:WP_199177300.1, SO:0001217, UniParc:UPI00017F30CF, UniRef:UniRef100_UPI00017F30CF, UniRef:UniRef50_UPI00017F30CF, UniRef:UniRef90_UPI00017F30CF
CP001456.1	8302	8691	+	FMBKCJ_009276	15.4	9.7	PF24960.1|DUF7766	PFAM:PF24960.1, SO:0001217, UniRef:UniRef50_A0AB34Z4B0
CP001456.1	10068	10313	-	FMBKCJ_009277	9.7	9.8		
CP001456.1	10923	11207	-	FMBKCJ_009278	11.1	7.9		RefSeq:WP_012666127.1, SO:0001217, UniParc:UPI000195E104, UniRef:UniRef100_UPI000195E104, UniRef:UniRef50_UPI000195E104, UniRef:UniRef90_UPI000195E104
CP001452.1	12601	12720	-	FMBKCJ_009291	4.4	4.9		SO:0001217, UniRef:UniRef50_A0A0H3C151, UniRef:UniRef90_A0A0H3C151
CP001454.1	1416	1520	-	FMBKCJ_009304	3.8	6.5		SO:0001217, UniRef:UniRef50_A0A0H3C3H1, UniRef:UniRef90_A0A0H3C3H1
CP001454.1	25861	26037	+	FMBKCJ_009323	6.9	9.6		RefSeq:WP_010257051.1, SO:0001217, UniParc:UPI00016B2F6F, UniRef:UniRef100_A0A7U4DJ52, UniRef:UniRef50_A0A7X0DLS6, UniRef:UniRef90_A0A7U4DJ52
CP001454.1	26713	27018	+	FMBKCJ_009325	12.1	5.0		SO:0001217, UniRef:UniRef50_A0A806C6L0
CP001455.1	13162	13605	-	FMBKCJ_009337	16.6	6.7		RefSeq:WP_010256673.1, SO:0001217, UniParc:UPI000005685A, UniRef:UniRef100_O50737, UniRef:UniRef50_O50737, UniRef:UniRef90_O50737
CP001455.1	14010	14348	-	FMBKCJ_009339	13.1	4.7		RefSeq:WP_012666083.1, SO:0001217, UniParc:UPI00017F3867, UniRef:UniRef100_UPI00017F3867, UniRef:UniRef50_O50739, UniRef:UniRef90_O50739
CP001455.1	14361	15194	-	FMBKCJ_009340	31.4	6.4		RefSeq:WP_012666085.1, SO:0001217, UniParc:UPI00017F308D, UniRef:UniRef100_UPI00017F308D, UniRef:UniRef50_O50740, UniRef:UniRef90_O50740
CP001455.1	18884	19663	-	FMBKCJ_009346	29.9	6.5		RefSeq:WP_012666082.1, SO:0001217, UniParc:UPI00017F2C3E, UniRef:UniRef100_UPI00017F2C3E, UniRef:UniRef50_W6TGS2, UniRef:UniRef90_UPI003461E041
CP001455.1	23538	23909	-	FMBKCJ_009350	13.9	8.5		RefSeq:WP_012622701.1, SO:0001217, UniParc:UPI00016B3782, UniRef:UniRef100_A0A7U4DIU8, UniRef:UniRef50_O50749, UniRef:UniRef90_A0A1L8ZA88
CP001455.1	24594	25007	-	FMBKCJ_009352	16.1	9.3		RefSeq:WP_012622693.1, SO:0001217, UniParc:UPI00017F42BB, UniRef:UniRef100_A0A7U4DIU7, UniRef:UniRef50_O50751, UniRef:UniRef90_A0A1L8ZA81
CP001455.1	28851	29615	-	FMBKCJ_009357	29.7	9.8		RefSeq:WP_012622699.1, SO:0001217, UniParc:UPI00016B322F, UniRef:UniRef100_A0A7U3YB70, UniRef:UniRef50_O50757, UniRef:UniRef90_G0APM7
CP001448.1	3557	3673	-	FMBKCJ_009362	4.4	6.0		
CP001448.1	4009	4284	+	FMBKCJ_009363	10.7	6.1		RefSeq:WP_010258413.1, SO:0001217, UniParc:UPI00016B3647, UniRef:UniRef100_O50813, UniRef:UniRef50_O50813, UniRef:UniRef90_O50813
CP001448.1	15906	16010	+	FMBKCJ_009376	4.3	8.0		
CP001448.1	16518	16718	+	FMBKCJ_009377	7.9	4.5		SO:0001217, UniParc:UPI000191DE9E, UniRef:UniRef100_A0A7U4DIY2, UniRef:UniRef50_A0A7U4DIY2, UniRef:UniRef90_A0A7U4DIY2
CP001448.1	19460	19681	+	FMBKCJ_009379	8.9	9.5		SO:0001217, UniRef:UniRef50_O50837, UniRef:UniRef90_O50837
CP001448.1	25604	25813	-	FMBKCJ_009384	8.2	9.9		RefSeq:WP_012665943.1, SO:0001217, UniParc:UPI00017F3722, UniRef:UniRef100_UPI00017F3722, UniRef:UniRef50_UPI00017F3722, UniRef:UniRef90_UPI00017F3722
CP001448.1	26701	27108	+	FMBKCJ_009385	16.8	6.9		
CP001448.1	27728	28045	+	FMBKCJ_009387	12.5	9.2		SO:0001217, UniRef:UniRef50_C0RBT4
CP001458.1	4682	4951	+	FMBKCJ_009392	9.8	8.0		RefSeq:WP_042334626.1, SO:0001217, UniParc:UPI00017F352F, UniRef:UniRef100_UPI00017F352F, UniRef:UniRef50_UPI00017F352F, UniRef:UniRef90_UPI00017F352F
CP001458.1	5062	5367	+	FMBKCJ_009393	12.2	9.3		
CP001458.1	8941	9156	-	FMBKCJ_009397	8.1	9.5		RefSeq:WP_012665382.1, SO:0001217, UniParc:UPI00017F352A, UniRef:UniRef100_UPI00017F352A, UniRef:UniRef50_UPI001E48FFD7, UniRef:UniRef90_UPI001E48FFD7
CP001458.1	10047	10175	-	FMBKCJ_009398	4.9	10.2		
CP001458.1	11884	12474	-	FMBKCJ_009401	24.2	10.0		
CP001458.1	23385	23711	+	FMBKCJ_009410	11.6	7.8		RefSeq:WP_223292504.1, SO:0001217, UniParc:UPI00017F3520, UniRef:UniRef100_UPI00017F3520, UniRef:UniRef50_UPI001E304FD4, UniRef:UniRef90_UPI001E304FD4
CP001458.1	28795	29115	-	FMBKCJ_009413	12.2	6.7		RefSeq:WP_012665383.1, SO:0001217, UniParc:UPI00017F351C, UniRef:UniRef100_UPI00017F351C, UniRef:UniRef50_UPI001E38D908, UniRef:UniRef90_UPI001FB14519
CP001458.1	34407	34670	-	FMBKCJ_009417	9.9	9.7		RefSeq:WP_010258789.1, SO:0001217, UniParc:UPI00017F3022, UniRef:UniRef100_UPI00017F3022, UniRef:UniRef50_B8F1S7, UniRef:UniRef90_UPI00017F3022
CP001458.1	38345	38518	-	FMBKCJ_009422	6.5	10.1		RefSeq:WP_012665380.1, SO:0001217, UniParc:UPI00017F3511, UniRef:UniRef100_UPI00017F3511, UniRef:UniRef50_UPI001304CA02, UniRef:UniRef90_UPI001304CA02
CP001462.1	766	1119	+	FMBKCJ_009424	14.2	9.4		RefSeq:WP_010883945.1, SO:0001217, UniParc:UPI0000057727, UniRef:UniRef100_Q9S019, UniRef:UniRef50_Q44728, UniRef:UniRef90_Q44728
CP001447.1	15157	15315	+	FMBKCJ_009447	6.1	10.2		RefSeq:WP_012665572.1, SO:0001217, UniParc:UPI00016C39BB, UniRef:UniRef100_UPI00016C39BB, UniRef:UniRef50_C0RC30, UniRef:UniRef90_A0A9N7G314
CP001447.1	18146	18739	+	FMBKCJ_009451	22.7	9.1		RefSeq:WP_012622796.1, SO:0001217, UniParc:UPI00016B38CF, UniRef:UniRef100_A0A9N7AM77, UniRef:UniRef50_O50923, UniRef:UniRef90_O50923
CP001447.1	32913	34310	+	FMBKCJ_009470	52.7	6.5		RefSeq:WP_012665568.1, SO:0001217, UniParc:UPI00017F3537, UniRef:UniRef100_UPI00017F3537, UniRef:UniRef50_Q0SLV8, UniRef:UniRef90_A0A806CL76
CP001443.1	1250	1603	+	FMBKCJ_009494	14.2	9.3	PF18135.7|Type_ISP_C	PFAM:PF18135.7
CP001443.1	10225	10668	-	FMBKCJ_009502	16.6	6.7		RefSeq:WP_010256673.1, SO:0001217, UniParc:UPI000005685A, UniRef:UniRef100_O50737, UniRef:UniRef50_O50737, UniRef:UniRef90_O50737
CP001443.1	11073	11411	-	FMBKCJ_009504	13.2	4.7		RefSeq:WP_010259656.1, SO:0001217, UniParc:UPI000005685C, UniRef:UniRef100_O50739, UniRef:UniRef50_O50739, UniRef:UniRef90_O50739
CP001443.1	11424	12257	-	FMBKCJ_009505	31.4	6.2		RefSeq:WP_012666143.1, SO:0001217, UniParc:UPI00017F3732, UniRef:UniRef100_UPI00017F3732, UniRef:UniRef50_O50740, UniRef:UniRef90_O50740
CP001443.1	15948	16727	-	FMBKCJ_009511	29.8	8.7		RefSeq:WP_012666168.1, SO:0001217, UniParc:UPI00016C3988, UniRef:UniRef100_A0A7U4DIR0, UniRef:UniRef90_A0A7U4DIR0
CP001443.1	20559	20933	-	FMBKCJ_009515	14.0	5.6		RefSeq:WP_012666144.1, SO:0001217, UniParc:UPI00017F3739, UniRef:UniRef100_UPI00017F3739, UniRef:UniRef50_O50749, UniRef:UniRef90_O50749
CP001443.1	21622	21996	-	FMBKCJ_009517	14.3	9.2		RefSeq:WP_010259364.1, SO:0001217, UniParc:UPI00017F34D2, UniRef:UniRef100_UPI00017F34D2, UniRef:UniRef50_O50751, UniRef:UniRef90_O50751
CP001443.1	26652	27416	-	FMBKCJ_009523	29.1	9.8		RefSeq:WP_012666163.1, SO:0001217, UniParc:UPI000195DFDA, UniRef:UniRef100_UPI000195DFDA, UniRef:UniRef50_O50757, UniRef:UniRef90_O50757
CP074054.1	157506	157940	+	FMBKCJ_009675	16.9	10.1		RefSeq:WP_002556754.1, SO:0001217, UniParc:UPI00016B2B02, UniRef:UniRef100_A0A0H3C1D3, UniRef:UniRef50_O51178, UniRef:UniRef90_O51178
CP074054.1	162757	162924	+	FMBKCJ_009681	6.3	10.4		RefSeq:WP_002657037.1, SO:0001217, UniParc:UPI000005738D, UniRef:UniRef100_O51184, UniRef:UniRef50_O51184, UniRef:UniRef90_O51184
CP074054.1	272689	273702	-	FMBKCJ_009782	39.1	4.3		RefSeq:WP_002663185.1, SO:0001217, UniParc:UPI00017F3288, UniRef:UniRef100_UPI00017F3288, UniRef:UniRef50_A0A7I6GVW7, UniRef:UniRef90_O51275
CP074054.1	365707	366300	-	FMBKCJ_009874	23.5	9.8		RefSeq:WP_002660620.1, SO:0001217, UniParc:UPI00016C4A9F, UniRef:UniRef100_A0A7U8I753, UniRef:UniRef50_Q0SNF6, UniRef:UniRef90_Q0SNF6
CP074054.1	368520	368945	+	FMBKCJ_009877	16.4	9.7		RefSeq:WP_002663269.1, SO:0001217, UniParc:UPI0001956A4C, UniRef:UniRef100_UPI0001956A4C, UniRef:UniRef50_O51335, UniRef:UniRef90_O51335
CP074054.1	416755	417171	+	FMBKCJ_009922	16.3	10.5		RefSeq:WP_002661094.1, SO:0001217, UniParc:UPI00016C516C, UniRef:UniRef100_UPI00016C516C, UniRef:UniRef50_B9X884, UniRef:UniRef90_O51365
CP074054.1	644802	645170	+	FMBKCJ_010143	14.6	5.3		RefSeq:WP_002557204.1, SO:0001217, UniParc:UPI000005754F, UniRef:UniRef100_O51562, UniRef:UniRef50_O51562, UniRef:UniRef90_O51562
CP074054.1	653910	654872	+	FMBKCJ_010151	37.3	8.9		RefSeq:WP_002557211.1, SO:0001217, UniParc:UPI0000057556, UniRef:UniRef100_O51569, UniRef:UniRef50_G0AM65, UniRef:UniRef90_G0AM65
CP074054.1	662626	662940	-	FMBKCJ_010158	11.3	8.7		RefSeq:WP_002656819.1, SO:0001217, UniParc:UPI00016B2F7F, UniRef:UniRef100_UPI00016B2F7F, UniRef:UniRef50_O51576, UniRef:UniRef90_O51576
CP074054.1	739157	739696	+	FMBKCJ_010228	21.1	9.9		RefSeq:WP_002656268.1, SO:0001217, UniParc:UPI00000575A2, UniRef:UniRef100_O51644, UniRef:UniRef50_D6RW52, UniRef:UniRef90_O51644
CP074054.1	792385	793659	+	FMBKCJ_010279	48.6	4.5		RefSeq:WP_002660480.1, SO:0001217, UniParc:UPI00016C439D, UniRef:UniRef100_A0A7U8F020, UniRef:UniRef50_O51690, UniRef:UniRef90_O51690
CP074054.1	814930	815364	-	FMBKCJ_010303	17.6	9.3		RefSeq:WP_002557361.1, SO:0001217, UniParc:UPI00000575E7, UniRef:UniRef100_O51714, UniRef:UniRef50_O51714, UniRef:UniRef90_O51714
CP074063.1	3594	4277	+	FMBKCJ_010375	26.7	9.4		RefSeq:WP_012622432.1, SO:0001217, UniParc:UPI00016B27D7, UniRef:UniRef100_A0A9N7B4Y8, UniRef:UniRef50_C0R8X6, UniRef:UniRef90_A0A5J6WFZ6
CP074072.1	12992	13081	+	FMBKCJ_010393	3.6	10.1		
CP074072.1	13526	13633	+	FMBKCJ_010395	4.2	10.0		
CP074072.1	17684	17848	+	FMBKCJ_010400	6.3	8.6		
CP074059.1	7968	8093	-	FMBKCJ_010410	4.8	10.6		RefSeq:WP_012614988.1, SO:0001217, UniParc:UPI00016B3107, UniRef:UniRef100_A0A0H3C131, UniRef:UniRef50_A0A0H3C131, UniRef:UniRef90_A0A0H3C131
CP074059.1	8097	8219	-	FMBKCJ_010411	4.8	9.9		SO:0001217, UniRef:UniRef50_A0A0H3C0J1, UniRef:UniRef90_A0A0H3C0J1
CP074059.1	18589	18735	+	FMBKCJ_010420	5.9	9.6		
CP074059.1	19316	19426	+	FMBKCJ_010421	4.4	9.7		
CP074059.1	20320	20463	+	FMBKCJ_010422	5.4	4.4		SO:0001217, UniRef:UniRef50_A0A7W9ZC39, UniRef:UniRef90_UPI00017F3D76
CP074059.1	23340	23522	-	FMBKCJ_010424	7.3	9.4		SO:0001217, UniRef:UniRef50_O50664, UniRef:UniRef90_UPI00017F2CB8
CP074060.1	12609	12728	-	FMBKCJ_010456	4.4	4.9		SO:0001217, UniRef:UniRef50_A0A0H3C151, UniRef:UniRef90_A0A0H3C151
CP074061.1	1422	1526	-	FMBKCJ_010469	3.8	6.5		SO:0001217, UniRef:UniRef50_A0A0H3C3H1, UniRef:UniRef90_A0A0H3C3H1
CP074061.1	17404	17583	-	FMBKCJ_010482	6.8	6.2		RefSeq:WP_374108625.1, SO:0001217, UniParc:UPI00017F4AD7, UniRef:UniRef100_UPI00017F4AD7, UniRef:UniRef50_UPI00017F4AD7, UniRef:UniRef90_UPI00017F4AD7
CP074061.1	25762	25938	+	FMBKCJ_010490	6.9	9.6		RefSeq:WP_010257051.1, SO:0001217, UniParc:UPI00016B2F6F, UniRef:UniRef100_A0A7U4DJ52, UniRef:UniRef50_A0A7X0DLS6, UniRef:UniRef90_A0A7U4DJ52
CP074061.1	26614	26919	+	FMBKCJ_010492	12.1	5.0		SO:0001217, UniRef:UniRef50_A0A806C6L0
CP074062.1	12682	13125	-	FMBKCJ_010504	16.6	6.7		RefSeq:WP_010256673.1, SO:0001217, UniParc:UPI000005685A, UniRef:UniRef100_O50737, UniRef:UniRef50_O50737, UniRef:UniRef90_O50737
CP074062.1	13530	13868	-	FMBKCJ_010506	13.2	4.7		RefSeq:WP_010259656.1, SO:0001217, UniParc:UPI000005685C, UniRef:UniRef100_O50739, UniRef:UniRef50_O50739, UniRef:UniRef90_O50739
CP074062.1	13881	14714	-	FMBKCJ_010507	31.4	6.4		RefSeq:WP_012672272.1, SO:0001217, UniParc:UPI00016C3984, UniRef:UniRef100_A0A7U3YB63, UniRef:UniRef50_O50740, UniRef:UniRef90_O50740
CP074062.1	18404	19183	-	FMBKCJ_010513	29.8	8.7		RefSeq:WP_012666168.1, SO:0001217, UniParc:UPI00016C3988, UniRef:UniRef100_A0A7U4DIR0, UniRef:UniRef90_A0A7U4DIR0
CP074062.1	23058	23429	-	FMBKCJ_010517	13.9	8.5		RefSeq:WP_012622701.1, SO:0001217, UniParc:UPI00016B3782, UniRef:UniRef100_A0A7U4DIU8, UniRef:UniRef50_O50749, UniRef:UniRef90_A0A1L8ZA88
CP074062.1	24114	24527	-	FMBKCJ_010519	16.1	9.3		RefSeq:WP_012622693.1, SO:0001217, UniParc:UPI00017F42BB, UniRef:UniRef100_A0A7U4DIU7, UniRef:UniRef50_O50751, UniRef:UniRef90_A0A1L8ZA81
CP074062.1	28339	29103	-	FMBKCJ_010524	29.7	9.8		RefSeq:WP_012622699.1, SO:0001217, UniParc:UPI00016B322F, UniRef:UniRef100_A0A7U3YB70, UniRef:UniRef50_O50757, UniRef:UniRef90_G0APM7
CP074067.1	2406	2726	-	FMBKCJ_010653	12.0	6.1		SO:0001217, UniRef:UniRef50_A0A7U3YBB2
CP074067.1	15725	15916	-	FMBKCJ_010674	7.3	7.9		RefSeq:WP_012664971.1, SO:0001217, UniParc:UPI00017F3852, UniRef:UniRef100_UPI00017F3852, UniRef:UniRef50_UPI00017F3852, UniRef:UniRef90_UPI00017F3852
CP074068.1	7837	7938	+	FMBKCJ_010690	3.9	4.6		
CP074068.1	11709	11816	+	FMBKCJ_010697	4.0	9.4		
CP074068.1	28583	28711	+	FMBKCJ_010721	4.9	10.2		
CP074070.1	27266	27793	+	FMBKCJ_010804	20.8	9.1		RefSeq:WP_012621486.1, SO:0001217, UniParc:UPI00016B2C5B, UniRef:UniRef100_A0A9N7ARY7, UniRef:UniRef90_A0A0H3C0R6
CP074070.1	27975	28541	+	FMBKCJ_010805	21.8	8.8		RefSeq:WP_010883850.1, SO:0001217, UniParc:UPI00000576EB, UniRef:UniRef100_Q9S073, UniRef:UniRef90_Q9S073
CP074057.1	3592	3708	-	FMBKCJ_010811	4.4	6.0		
CP074057.1	4044	4319	+	FMBKCJ_010812	10.7	6.1		RefSeq:WP_010258413.1, SO:0001217, UniParc:UPI00016B3647, UniRef:UniRef100_O50813, UniRef:UniRef50_O50813, UniRef:UniRef90_O50813
CP074057.1	15941	16045	+	FMBKCJ_010825	4.3	8.0		
CP074057.1	16553	16753	+	FMBKCJ_010826	7.9	4.5		SO:0001217, UniParc:UPI000191DE9E, UniRef:UniRef100_A0A7U4DIY2, UniRef:UniRef50_A0A7U4DIY2, UniRef:UniRef90_A0A7U4DIY2
CP074057.1	19495	19716	+	FMBKCJ_010828	8.9	9.5		SO:0001217, UniRef:UniRef50_O50837, UniRef:UniRef90_O50837
CP074057.1	25639	25848	-	FMBKCJ_010833	8.2	9.9		RefSeq:WP_012665943.1, SO:0001217, UniParc:UPI00017F3722, UniRef:UniRef100_UPI00017F3722, UniRef:UniRef50_UPI00017F3722, UniRef:UniRef90_UPI00017F3722
CP074057.1	27763	28080	+	FMBKCJ_010835	12.5	9.2		SO:0001217, UniRef:UniRef50_C0RBT4
CP074058.1	4703	4972	+	FMBKCJ_010840	9.8	8.0		RefSeq:WP_042334626.1, SO:0001217, UniParc:UPI00017F352F, UniRef:UniRef100_UPI00017F352F, UniRef:UniRef50_UPI00017F352F, UniRef:UniRef90_UPI00017F352F
CP074058.1	5083	5388	+	FMBKCJ_010841	12.2	9.3		
CP074058.1	8962	9177	-	FMBKCJ_010845	8.1	9.5		RefSeq:WP_012665382.1, SO:0001217, UniParc:UPI00017F352A, UniRef:UniRef100_UPI00017F352A, UniRef:UniRef50_UPI001E48FFD7, UniRef:UniRef90_UPI001E48FFD7
CP074058.1	10068	10196	-	FMBKCJ_010846	4.9	10.2		
CP074058.1	11961	12551	-	FMBKCJ_010849	24.2	10.0		
CP074058.1	15318	15518	+	FMBKCJ_010851	8.3	9.9		
CP074058.1	23463	23789	+	FMBKCJ_010859	11.6	7.8		RefSeq:WP_223292504.1, SO:0001217, UniParc:UPI00017F3520, UniRef:UniRef100_UPI00017F3520, UniRef:UniRef50_UPI001E304FD4, UniRef:UniRef90_UPI001E304FD4
CP074058.1	28873	29193	-	FMBKCJ_010862	12.2	6.7		RefSeq:WP_012665383.1, SO:0001217, UniParc:UPI00017F351C, UniRef:UniRef100_UPI00017F351C, UniRef:UniRef50_UPI001E38D908, UniRef:UniRef90_UPI001FB14519
CP074058.1	34486	34749	-	FMBKCJ_010866	9.9	9.7		RefSeq:WP_010258789.1, SO:0001217, UniParc:UPI00017F3022, UniRef:UniRef100_UPI00017F3022, UniRef:UniRef50_B8F1S7, UniRef:UniRef90_UPI00017F3022
CP074058.1	38430	38603	-	FMBKCJ_010871	6.5	10.1		RefSeq:WP_012665380.1, SO:0001217, UniParc:UPI00017F3511, UniRef:UniRef100_UPI00017F3511, UniRef:UniRef50_UPI001304CA02, UniRef:UniRef90_UPI001304CA02
CP074056.1	15168	15326	+	FMBKCJ_010890	6.1	10.2		RefSeq:WP_012665572.1, SO:0001217, UniParc:UPI00016C39BB, UniRef:UniRef100_UPI00016C39BB, UniRef:UniRef50_C0RC30, UniRef:UniRef90_A0A9N7G314
CP074056.1	18157	18750	+	FMBKCJ_010894	22.7	9.1		RefSeq:WP_012622796.1, SO:0001217, UniParc:UPI00016B38CF, UniRef:UniRef100_A0A9N7AM77, UniRef:UniRef50_O50923, UniRef:UniRef90_O50923
CP074056.1	32934	34331	+	FMBKCJ_010913	52.8	6.5		RefSeq:WP_096890892.1, SO:0001217, UniParc:UPI000BC31E02, UniRef:UniRef100_UPI000BC31E02, UniRef:UniRef50_Q0SLV8, UniRef:UniRef90_A0A806CL76
CP074064.1	198	962	+	FMBKCJ_010936	29.1	9.8		RefSeq:WP_012666163.1, SO:0001217, UniParc:UPI000195DFDA, UniRef:UniRef100_UPI000195DFDA, UniRef:UniRef50_O50757, UniRef:UniRef90_O50757
CP074064.1	5618	5992	+	FMBKCJ_010942	14.3	9.2		RefSeq:WP_010259364.1, SO:0001217, UniParc:UPI00017F34D2, UniRef:UniRef100_UPI00017F34D2, UniRef:UniRef50_O50751, UniRef:UniRef90_O50751
CP074064.1	6681	7055	+	FMBKCJ_010944	14.0	5.6		RefSeq:WP_012666144.1, SO:0001217, UniParc:UPI00017F3739, UniRef:UniRef100_UPI00017F3739, UniRef:UniRef50_O50749, UniRef:UniRef90_O50749
CP074064.1	10887	11666	+	FMBKCJ_010948	29.8	8.7		RefSeq:WP_012666168.1, SO:0001217, UniParc:UPI00016C3988, UniRef:UniRef100_A0A7U4DIR0, UniRef:UniRef90_A0A7U4DIR0
CP074064.1	15357	16190	+	FMBKCJ_010954	31.4	6.2		RefSeq:WP_012666143.1, SO:0001217, UniParc:UPI00017F3732, UniRef:UniRef100_UPI00017F3732, UniRef:UniRef50_O50740, UniRef:UniRef90_O50740
CP074064.1	16203	16541	+	FMBKCJ_010955	13.2	4.7		RefSeq:WP_010259656.1, SO:0001217, UniParc:UPI000005685C, UniRef:UniRef100_O50739, UniRef:UniRef50_O50739, UniRef:UniRef90_O50739
CP074064.1	16946	17389	+	FMBKCJ_010957	16.6	6.7		RefSeq:WP_010256673.1, SO:0001217, UniParc:UPI000005685A, UniRef:UniRef100_O50737, UniRef:UniRef50_O50737, UniRef:UniRef90_O50737
CP074064.1	26047	26400	-	FMBKCJ_010965	14.2	9.4	PF18135.7|Type_ISP_C	PFAM:PF18135.7
CP001205.1	144063	144251	-	FMBKCJ_011106	7.3	9.5		SO:0001217, UniParc:UPI00018847F9, UniRef:UniRef100_A0A0H3C4A0, UniRef:UniRef50_G0AKV4, UniRef:UniRef90_G0AKV4
CP001205.1	157323	157757	+	FMBKCJ_011117	16.9	10.1		RefSeq:WP_002556754.1, SO:0001217, UniParc:UPI00016B2B02, UniRef:UniRef100_A0A0H3C1D3, UniRef:UniRef50_O51178, UniRef:UniRef90_O51178
CP001205.1	162574	162741	+	FMBKCJ_011123	6.3	10.4		RefSeq:WP_002657037.1, SO:0001217, UniParc:UPI000005738D, UniRef:UniRef100_O51184, UniRef:UniRef50_O51184, UniRef:UniRef90_O51184
CP001205.1	271999	273015	-	FMBKCJ_011225	39.3	4.3		RefSeq:WP_012597324.1, SO:0001217, UniParc:UPI00016B3A58, UniRef:UniRef100_A0A0H3C0H1, UniRef:UniRef50_A0A7I6GVW7, UniRef:UniRef90_O51275
CP001205.1	364979	365572	-	FMBKCJ_011317	23.5	9.8		RefSeq:WP_002656114.1, SO:0001217, UniParc:UPI00016B2B2A, UniRef:UniRef100_A0A0H3C4F8, UniRef:UniRef50_Q0SNF6, UniRef:UniRef90_Q0SNF6
CP001205.1	367792	368217	+	FMBKCJ_011320	16.5	9.7		RefSeq:WP_010889734.1, SO:0001217, UniParc:UPI0000057451, UniRef:UniRef100_O51335, UniRef:UniRef50_O51335, UniRef:UniRef90_O51335
CP001205.1	416027	416443	+	FMBKCJ_011365	16.3	10.4		RefSeq:WP_002556999.1, SO:0001217, UniParc:UPI000005747C, UniRef:UniRef100_O51365, UniRef:UniRef50_B9X884, UniRef:UniRef90_O51365
CP001205.1	640786	641154	+	FMBKCJ_011584	NA	5.9		SO:0001217, UniRef:UniRef50_O51562, UniRef:UniRef90_O51562
CP001205.1	649898	650860	+	FMBKCJ_011592	37.3	8.9		RefSeq:WP_002557211.1, SO:0001217, UniParc:UPI0000057556, UniRef:UniRef100_O51569, UniRef:UniRef50_G0AM65, UniRef:UniRef90_G0AM65
CP001205.1	658614	658928	-	FMBKCJ_011599	11.3	8.7		RefSeq:WP_002656819.1, SO:0001217, UniParc:UPI00016B2F7F, UniRef:UniRef100_UPI00016B2F7F, UniRef:UniRef50_O51576, UniRef:UniRef90_O51576
CP001205.1	735146	735685	+	FMBKCJ_011669	21.1	9.9		RefSeq:WP_002656268.1, SO:0001217, UniParc:UPI00000575A2, UniRef:UniRef100_O51644, UniRef:UniRef50_D6RW52, UniRef:UniRef90_O51644
CP001205.1	788353	789627	+	FMBKCJ_011721	48.7	4.5		RefSeq:WP_012597375.1, SO:0001217, UniParc:UPI00016B3902, UniRef:UniRef100_A0A0H3C4J1, UniRef:UniRef50_O51690, UniRef:UniRef90_O51690
CP001205.1	810880	811314	-	FMBKCJ_011745	17.6	9.3		RefSeq:WP_002557361.1, SO:0001217, UniParc:UPI00000575E7, UniRef:UniRef100_O51714, UniRef:UniRef50_O51714, UniRef:UniRef90_O51714
CP001205.1	897844	898416	+	FMBKCJ_011815	20.8	8.9		
CP001206.1	13470	13625	+	FMBKCJ_011864	5.7	4.1		
CP001200.1	27182	27709	+	FMBKCJ_011925	20.7	9.1		RefSeq:WP_010258620.1, SO:0001217, UniParc:UPI00016B2845, UniRef:UniRef100_A0A0H3C0R6, UniRef:UniRef90_A0A0H3C0R6
CP001202.1	2014	2121	+	FMBKCJ_011930	4.0	6.0		
CP001202.1	5621	5767	+	FMBKCJ_011937	5.6	4.5		
CP001202.1	46012	46194	+	FMBKCJ_011994	6.9	7.9		RefSeq:WP_012664891.1, SO:0001217, UniParc:UPI000005767B, UniRef:UniRef100_UPI000005767B, UniRef:UniRef50_UPI00017F3BA8, UniRef:UniRef90_UPI00017F3BA8
CP001208.1	22403	22834	+	FMBKCJ_012031	16.2	5.2	PF02524.19|KID	PFAM:PF02524.19
CP001208.1	28340	28867	+	FMBKCJ_012037	20.8	9.1		RefSeq:WP_012599439.1, SO:0001217, UniParc:UPI00016B3BBA, UniRef:UniRef100_A0A7I6GXU7, UniRef:UniRef90_A0A0H3C0R6
CP001208.1	29049	29615	+	FMBKCJ_012038	21.7	8.8		RefSeq:WP_012599442.1, SO:0001217, UniParc:UPI00016B3BB9, UniRef:UniRef100_A0A0H3C5F4, UniRef:UniRef90_Q9S073
CP001211.1	27842	28360	+	FMBKCJ_012082	20.3	9.2		RefSeq:WP_012593060.1, SO:0001217, UniParc:UPI00017F48F3, UniRef:UniRef100_A0A0H3C438, UniRef:UniRef90_Q9S033
CP001204.1	1426	1530	-	FMBKCJ_012087	3.8	6.5		SO:0001217, UniRef:UniRef50_A0A0H3C3H1, UniRef:UniRef90_A0A0H3C3H1
CP001204.1	2026	2382	+	FMBKCJ_012088	14.3	9.4		RefSeq:WP_010883928.1, SO:0001217, UniParc:UPI000005696E, UniRef:UniRef100_Q44728, UniRef:UniRef50_Q44728, UniRef:UniRef90_Q44728
CP001204.1	4218	4439	+	FMBKCJ_012090	8.6	5.7	PF05714.16|PFam54_60	PFAM:PF05714.16, RefSeq:WP_010258242.1, SO:0001217, UniParc:UPI00016B30E2, UniRef:UniRef100_G5IXH9, UniRef:UniRef50_G5IXH9, UniRef:UniRef90_G5IXH9
CP001204.1	5676	6359	+	FMBKCJ_012091	26.7	9.4		RefSeq:WP_010258240.1, SO:0001217, UniParc:UPI00016B30E1, UniRef:UniRef100_A0A7U4DIN3, UniRef:UniRef50_C0R8X6, UniRef:UniRef90_A0A5J6WFZ6
CP001198.1	8207	8332	-	FMBKCJ_012104	4.8	10.6		RefSeq:WP_012614988.1, SO:0001217, UniParc:UPI00016B3107, UniRef:UniRef100_A0A0H3C131, UniRef:UniRef50_A0A0H3C131, UniRef:UniRef90_A0A0H3C131
CP001198.1	8336	8458	-	FMBKCJ_012105	4.7	9.7		RefSeq:WP_012614991.1, SO:0001217, UniParc:UPI000188BFED, UniRef:UniRef100_A0A0H3C0J1, UniRef:UniRef50_A0A0H3C0J1, UniRef:UniRef90_A0A0H3C0J1
CP001198.1	19972	20187	+	FMBKCJ_012114	8.3	4.9		RefSeq:WP_029357333.1, SO:0001217, UniParc:UPI00016B3111, UniRef:UniRef100_UPI00016B3111, UniRef:UniRef50_A0A7W9ZC39, UniRef:UniRef90_UPI00017F3D76
CP001198.1	20675	20923	+	FMBKCJ_012115	10.1	10.2		
CP001198.1	23546	23761	-	FMBKCJ_012117	8.5	8.7		RefSeq:WP_080511133.1, SO:0001217, UniParc:UPI00016B3114, UniRef:UniRef100_UPI00016B3114, UniRef:UniRef50_O50664, UniRef:UniRef90_UPI00016B3114
CP001210.1	6876	7088	+	FMBKCJ_012125	8.4	6.2		RefSeq:WP_049755699.1, SO:0001217, UniParc:UPI00016B33E7, UniRef:UniRef100_UPI00016B33E7, UniRef:UniRef50_UPI001F2AD126, UniRef:UniRef90_UPI00016B33E7
CP001210.1	7088	7183	+	FMBKCJ_012126	3.9	9.8		
CP001210.1	11675	11902	+	FMBKCJ_012131	8.7	8.6		RefSeq:WP_049755701.1, SO:0001217, UniParc:UPI00016B33E0, UniRef:UniRef100_UPI00016B33E0, UniRef:UniRef50_UPI0000056993, UniRef:UniRef90_UPI0000056993
CP001210.1	12854	12952	+	FMBKCJ_012133	4.0	9.7		
CP001210.1	12945	13154	+	FMBKCJ_012134	8.0	9.8		RefSeq:WP_233189753.1, SO:0001217, UniParc:UPI00016B33DE, UniRef:UniRef100_A0A0H3C428, UniRef:UniRef50_A0A0H3C428, UniRef:UniRef90_A0A0H3C428
CP001210.1	15349	16317	-	FMBKCJ_012136	38.8	9.0		
CP001210.1	16314	16412	-	FMBKCJ_012137	3.8	9.5		SO:0001217, UniRef:UniRef50_A0A7X0DKU4, UniRef:UniRef90_A0A7X0DKU4
CP001210.1	18737	18910	+	FMBKCJ_012139	6.8	9.3		RefSeq:WP_012614960.1, SO:0001217, UniParc:UPI00016B368A, UniRef:UniRef100_A0A0H3C422, UniRef:UniRef50_O50838, UniRef:UniRef90_O50838
CP001210.1	21540	21674	-	FMBKCJ_012142	5.2	10.2		
CP001210.1	21697	22041	-	FMBKCJ_012143	13.3	6.3		
CP001209.1	12352	12795	-	FMBKCJ_012158	16.6	6.7		RefSeq:WP_010256673.1, SO:0001217, UniParc:UPI000005685A, UniRef:UniRef100_O50737, UniRef:UniRef50_O50737, UniRef:UniRef90_O50737
CP001209.1	13200	13538	-	FMBKCJ_012160	13.2	4.7		RefSeq:WP_010259656.1, SO:0001217, UniParc:UPI000005685C, UniRef:UniRef100_O50739, UniRef:UniRef50_O50739, UniRef:UniRef90_O50739
CP001209.1	13551	14384	-	FMBKCJ_012161	31.4	6.4		RefSeq:WP_010890292.1, SO:0001217, UniParc:UPI000005685D, UniRef:UniRef100_O50740, UniRef:UniRef50_O50740, UniRef:UniRef90_O50740
CP001209.1	18073	18870	-	FMBKCJ_012167	30.5	8.2		RefSeq:WP_010890297.1, SO:0001217, UniParc:UPI0000056862, UniRef:UniRef100_O50745, UniRef:UniRef90_A0A9N7B969
CP001209.1	18880	19662	-	FMBKCJ_012168	29.9	5.5		RefSeq:WP_012614949.1, SO:0001217, UniParc:UPI00016B2B46, UniRef:UniRef100_A0A0H3C5I5, UniRef:UniRef90_O50746
CP001209.1	22702	23076	-	FMBKCJ_012171	14.0	5.6		RefSeq:WP_010256627.1, SO:0001217, UniParc:UPI0000056866, UniRef:UniRef100_O50749, UniRef:UniRef50_O50749, UniRef:UniRef90_O50749
CP001209.1	23765	24151	-	FMBKCJ_012173	14.9	9.2		RefSeq:WP_010256620.1, SO:0001217, UniParc:UPI0000056868, UniRef:UniRef100_O50751, UniRef:UniRef50_O50751, UniRef:UniRef90_O50751
CP001209.1	28843	29607	-	FMBKCJ_012179	29.2	9.9		RefSeq:WP_012614953.1, SO:0001217, UniParc:UPI00016B2B4C, UniRef:UniRef100_A0A0H3C4V5, UniRef:UniRef50_O50757, UniRef:UniRef90_O50757
CP001203.1	14443	14562	+	FMBKCJ_012190	4.4	4.6		RefSeq:WP_012614965.1, SO:0001217, UniParc:UPI00016B2E1E, UniRef:UniRef100_A0A0H3C151, UniRef:UniRef50_A0A0H3C151, UniRef:UniRef90_A0A0H3C151
CP001207.1	171	935	+	FMBKCJ_012198	29.8	9.9		RefSeq:WP_012615024.1, SO:0001217, UniParc:UPI00016B37D6, UniRef:UniRef100_A0A0H3C5A6, UniRef:UniRef50_O50757, UniRef:UniRef90_G0APM7
CP001207.1	2239	2595	+	FMBKCJ_012201	14.3	9.6		RefSeq:WP_012615033.1, SO:0001217, UniParc:UPI00017F4968, UniRef:UniRef100_A0A7U3YBP9, UniRef:UniRef50_Q44728, UniRef:UniRef90_A0A7U3YBP9
CP001207.1	2802	2900	+	FMBKCJ_012202	3.6	8.5		
CP001207.1	5117	5356	+	FMBKCJ_012205	8.8	9.7		RefSeq:WP_012615028.1, SO:0001217, UniParc:UPI00016B2DFC, UniRef:UniRef100_A0A7U3YBR9, UniRef:UniRef50_A0A7U3YBR9, UniRef:UniRef90_A0A7U3YBR9
CP001207.1	26505	26681	+	FMBKCJ_012223	6.9	9.6		RefSeq:WP_010257051.1, SO:0001217, UniParc:UPI00016B2F6F, UniRef:UniRef100_A0A7U4DJ52, UniRef:UniRef50_A0A7X0DLS6, UniRef:UniRef90_A0A7U4DJ52
CP001201.1	6374	6649	+	FMBKCJ_012231	10.7	6.1		RefSeq:WP_010258413.1, SO:0001217, UniParc:UPI00016B3647, UniRef:UniRef100_O50813, UniRef:UniRef50_O50813, UniRef:UniRef90_O50813
CP001201.1	18361	18465	+	FMBKCJ_012244	4.3	8.0		
CP001201.1	18973	19173	+	FMBKCJ_012245	7.8	4.6		SO:0001217, UniRef:UniRef50_A0A7U4DIY2, UniRef:UniRef90_A0A7U4DIY2
CP001201.1	21690	21884	+	FMBKCJ_012247	7.4	10.2		RefSeq:WP_210380153.1, SO:0001217, UniParc:UPI00016B37C3, UniRef:UniRef100_UPI00016B37C3, UniRef:UniRef50_O50836, UniRef:UniRef90_O50836
CP001201.1	21903	22124	+	FMBKCJ_012248	8.9	9.5		SO:0001217, UniRef:UniRef50_O50837, UniRef:UniRef90_O50837
CP001201.1	23065	23649	-	FMBKCJ_012249	22.1	5.3		RefSeq:WP_012614933.1, SO:0001217, UniParc:UPI00016B379C, UniRef:UniRef100_A0A0H3BZV3, UniRef:UniRef50_A0A0H3BZV3, UniRef:UniRef90_A0A0H3BZV3
CP001201.1	24285	24662	+	FMBKCJ_012251	13.9	6.0		RefSeq:WP_012686329.1, SO:0001217, UniParc:UPI00016B379E, UniRef:UniRef100_UPI00016B379E, UniRef:UniRef50_UPI00016B379E, UniRef:UniRef90_UPI00016B379E
CP001201.1	26610	26828	-	FMBKCJ_012254	8.3	5.0		RefSeq:WP_010890349.1, SO:0001217, UniParc:UPI00000568C6, UniRef:UniRef100_O50844, UniRef:UniRef50_O50844, UniRef:UniRef90_O50844
CP001199.1	15160	15318	+	FMBKCJ_012284	6.1	10.2		RefSeq:WP_010258339.1, SO:0001217, UniParc:UPI00016B339C, UniRef:UniRef100_A0A9N7G314, UniRef:UniRef50_C0RC30, UniRef:UniRef90_A0A9N7G314
CP001199.1	18149	18742	+	FMBKCJ_012288	22.7	9.1		RefSeq:WP_010258362.1, SO:0001217, UniParc:UPI00016B33CF, UniRef:UniRef100_A0A0H3C267, UniRef:UniRef50_O50923, UniRef:UniRef90_O50923
CP001199.1	32914	34338	+	FMBKCJ_012307	53.8	6.0		RefSeq:WP_012686460.1, SO:0001217, UniParc:UPI00016B34EC, UniRef:UniRef100_UPI00016B34EC, UniRef:UniRef50_Q0SLV8, UniRef:UniRef90_A0A806CL76
CP124084.1	144365	144553	-	FMBKCJ_012470	7.2	9.3		SO:0001217, UniRef:UniRef50_G0AKV4, UniRef:UniRef90_G0AKV4
CP124084.1	157626	158060	+	FMBKCJ_012481	16.9	10.1		RefSeq:WP_010889695.1, SO:0001217, UniParc:UPI0000057387, UniRef:UniRef100_O51178, UniRef:UniRef50_O51178, UniRef:UniRef90_O51178
CP124084.1	162877	163044	+	FMBKCJ_012487	6.3	10.4		RefSeq:WP_002657037.1, SO:0001217, UniParc:UPI000005738D, UniRef:UniRef100_O51184, UniRef:UniRef50_O51184, UniRef:UniRef90_O51184
CP124084.1	272471	273484	-	FMBKCJ_012588	39.1	4.3		RefSeq:WP_010889720.1, SO:0001217, UniParc:UPI00000573ED, UniRef:UniRef100_O51275, UniRef:UniRef50_A0A7I6GVW7, UniRef:UniRef90_O51275
CP124084.1	365481	366074	-	FMBKCJ_012680	23.5	9.8		RefSeq:WP_008882638.1, SO:0001217, UniParc:UPI00017F2A10, UniRef:UniRef100_A0A826GVI4, UniRef:UniRef50_Q0SNF6, UniRef:UniRef90_Q0SNF6
CP124084.1	368294	368719	+	FMBKCJ_012683	16.5	9.7		RefSeq:WP_010889734.1, SO:0001217, UniParc:UPI0000057451, UniRef:UniRef100_O51335, UniRef:UniRef50_O51335, UniRef:UniRef90_O51335
CP124084.1	416527	416943	+	FMBKCJ_012728	16.3	10.4		RefSeq:WP_002556999.1, SO:0001217, UniParc:UPI000005747C, UniRef:UniRef100_O51365, UniRef:UniRef50_B9X884, UniRef:UniRef90_O51365
CP124084.1	443603	443890	-	FMBKCJ_012751	11.3	9.9		RefSeq:WP_044283513.1, SO:0001217, UniParc:UPI00052A27E0, UniRef:UniRef100_UPI00052A27E0, UniRef:UniRef50_UPI0012FF1DCC, UniRef:UniRef90_UPI0012FF1DCC
CP124084.1	644606	644974	+	FMBKCJ_012950	14.6	5.3		RefSeq:WP_002557204.1, SO:0001217, UniParc:UPI000005754F, UniRef:UniRef100_O51562, UniRef:UniRef50_O51562, UniRef:UniRef90_O51562
CP124084.1	653721	654683	+	FMBKCJ_012958	37.3	8.9		RefSeq:WP_002557211.1, SO:0001217, UniParc:UPI0000057556, UniRef:UniRef100_O51569, UniRef:UniRef50_G0AM65, UniRef:UniRef90_G0AM65
CP124084.1	662437	662751	-	FMBKCJ_012965	11.3	8.7		RefSeq:WP_010889785.1, SO:0001217, UniParc:UPI000005755D, UniRef:UniRef100_O51576, UniRef:UniRef50_O51576, UniRef:UniRef90_O51576
CP124084.1	738973	739512	+	FMBKCJ_013035	21.1	9.9		RefSeq:WP_002656268.1, SO:0001217, UniParc:UPI00000575A2, UniRef:UniRef100_O51644, UniRef:UniRef50_D6RW52, UniRef:UniRef90_O51644
CP124084.1	792181	793455	+	FMBKCJ_013086	48.7	4.6		RefSeq:WP_010889815.1, SO:0001217, UniParc:UPI000233F626, UniRef:UniRef100_O51690, UniRef:UniRef50_O51690, UniRef:UniRef90_O51690
CP124084.1	814708	815142	-	FMBKCJ_013110	17.6	9.3		RefSeq:WP_002557361.1, SO:0001217, UniParc:UPI00000575E7, UniRef:UniRef100_O51714, UniRef:UniRef50_O51714, UniRef:UniRef90_O51714
CP124082.1	1440	1796	+	FMBKCJ_013184	14.3	9.4		RefSeq:WP_010883928.1, SO:0001217, UniParc:UPI000005696E, UniRef:UniRef100_Q44728, UniRef:UniRef50_Q44728, UniRef:UniRef90_Q44728
CP124082.1	3628	3849	+	FMBKCJ_013186	8.6	5.7	PF05714.16|PFam54_60	PFAM:PF05714.16, RefSeq:WP_010258242.1, SO:0001217, UniParc:UPI00016B30E2, UniRef:UniRef100_G5IXH9, UniRef:UniRef50_G5IXH9, UniRef:UniRef90_G5IXH9
CP124082.1	5086	5769	+	FMBKCJ_013187	26.7	9.3		RefSeq:WP_010890251.1, SO:0001217, UniParc:UPI0000056973, UniRef:UniRef100_H7C7M9, UniRef:UniRef50_C0R8X6, UniRef:UniRef90_A0A5J6WFZ6
CP124083.1	15150	15308	+	FMBKCJ_013240	6.1	10.2		RefSeq:WP_010259080.1, SO:0001217, UniParc:UPI0000056910, UniRef:UniRef100_UPI0000056910, UniRef:UniRef50_C0RC30, UniRef:UniRef90_A0A9N7G314
CP124083.1	18130	18723	+	FMBKCJ_013244	22.7	9.1		RefSeq:WP_010890382.1, SO:0001217, UniParc:UPI0000056917, UniRef:UniRef100_O50923, UniRef:UniRef50_O50923, UniRef:UniRef90_O50923
CP124083.1	32960	34357	+	FMBKCJ_013263	52.8	6.5		RefSeq:WP_012622802.1, SO:0001217, UniParc:UPI000005692B, UniRef:UniRef100_A0A7U4DJ15, UniRef:UniRef50_Q0SLV8, UniRef:UniRef90_A0A806CL76
CP001565.1	3	656	+	FMBKCJ_013312	25.8	8.1		
CP001570.1	27972	28490	+	FMBKCJ_013439	20.3	9.2		RefSeq:WP_012593060.1, SO:0001217, UniParc:UPI00017F48F3, UniRef:UniRef100_A0A0H3C438, UniRef:UniRef90_Q9S033
CP001564.1	1426	1530	-	FMBKCJ_013444	3.8	6.5		SO:0001217, UniRef:UniRef50_A0A0H3C3H1, UniRef:UniRef90_A0A0H3C3H1
CP001564.1	2026	2382	+	FMBKCJ_013445	14.3	9.4		RefSeq:WP_010883928.1, SO:0001217, UniParc:UPI000005696E, UniRef:UniRef100_Q44728, UniRef:UniRef50_Q44728, UniRef:UniRef90_Q44728
CP001564.1	4218	4439	+	FMBKCJ_013447	8.6	5.7	PF05714.16|PFam54_60	PFAM:PF05714.16, RefSeq:WP_010258242.1, SO:0001217, UniParc:UPI00016B30E2, UniRef:UniRef100_G5IXH9, UniRef:UniRef50_G5IXH9, UniRef:UniRef90_G5IXH9
CP001564.1	5676	6359	+	FMBKCJ_013448	26.7	9.4		RefSeq:WP_010258240.1, SO:0001217, UniParc:UPI00016B30E1, UniRef:UniRef100_A0A7U4DIN3, UniRef:UniRef50_C0R8X6, UniRef:UniRef90_A0A5J6WFZ6
CP001573.1	127	675	+	FMBKCJ_013457	21.6	9.8		RefSeq:WP_012686361.1, SO:0001217, UniParc:UPI00016B30DA, UniRef:UniRef100_UPI00016B30DA, UniRef:UniRef50_UPI001F2CF5C9, UniRef:UniRef90_UPI001F2CF5C9
CP001569.1	162	926	+	FMBKCJ_013470	29.8	9.9		RefSeq:WP_012622391.1, SO:0001217, UniParc:UPI00016B2F44, UniRef:UniRef100_A0A7U4DJ44, UniRef:UniRef50_O50757, UniRef:UniRef90_G0APM7
CP001569.1	2230	2586	+	FMBKCJ_013473	14.3	9.6		RefSeq:WP_012615033.1, SO:0001217, UniParc:UPI00017F4968, UniRef:UniRef100_A0A7U3YBP9, UniRef:UniRef50_Q44728, UniRef:UniRef90_A0A7U3YBP9
CP001569.1	2793	2891	+	FMBKCJ_013474	3.6	8.5		
CP001569.1	5108	5347	+	FMBKCJ_013477	8.8	9.7		RefSeq:WP_012615028.1, SO:0001217, UniParc:UPI00016B2DFC, UniRef:UniRef100_A0A7U3YBR9, UniRef:UniRef50_A0A7U3YBR9, UniRef:UniRef90_A0A7U3YBR9
CP001569.1	23037	23873	-	FMBKCJ_013491	32.2	9.1	PF05714.16|PFam54_60	PFAM:PF05714.16, RefSeq:WP_012622389.1, SO:0001217, UniParc:UPI00016B2F6C, UniRef:UniRef100_A0A7U4DJ06, UniRef:UniRef90_Q66YX5
CP001569.1	26431	26607	+	FMBKCJ_013494	6.9	9.6		RefSeq:WP_010257051.1, SO:0001217, UniParc:UPI00016B2F6F, UniRef:UniRef100_A0A7U4DJ52, UniRef:UniRef50_A0A7X0DLS6, UniRef:UniRef90_A0A7U4DJ52
CP001566.1	10893	11336	-	FMBKCJ_013506	16.7	5.8		RefSeq:WP_012686301.1, SO:0001217, UniParc:UPI00016B2DF2, UniRef:UniRef100_UPI00016B2DF2, UniRef:UniRef50_O50737, UniRef:UniRef90_O50737
CP001566.1	11742	12080	-	FMBKCJ_013508	13.1	5.6		RefSeq:WP_012615254.1, SO:0001217, UniParc:UPI00016B2CB2, UniRef:UniRef100_UPI00016B2CB2, UniRef:UniRef50_O50739, UniRef:UniRef90_A0A1L4DGF8
CP001566.1	12089	12919	-	FMBKCJ_013509	31.3	5.8		RefSeq:WP_012686304.1, SO:0001217, UniParc:UPI00016B2CB1, UniRef:UniRef100_UPI00016B2CB1, UniRef:UniRef50_O50740, UniRef:UniRef90_A0A1L4DGI0
CP001566.1	16613	17398	-	FMBKCJ_013515	29.8	6.5		RefSeq:WP_012686299.1, SO:0001217, UniParc:UPI00016B2CAB, UniRef:UniRef100_UPI00016B2CAB, UniRef:UniRef50_W6TGS2, UniRef:UniRef90_UPI00016B2CAB
CP001566.1	21294	21680	-	FMBKCJ_013519	14.3	7.8		RefSeq:WP_012615262.1, SO:0001217, UniParc:UPI00016B2CA7, UniRef:UniRef100_G0ITQ0, UniRef:UniRef50_O50749, UniRef:UniRef90_G0ITQ0
CP001566.1	22363	22749	-	FMBKCJ_013521	14.6	7.8		RefSeq:WP_012615264.1, SO:0001217, UniParc:UPI00016B2EE0, UniRef:UniRef100_UPI00016B2EE0, UniRef:UniRef50_O50751, UniRef:UniRef90_Q0SL21
CP001566.1	24503	24937	+	FMBKCJ_013523	16.7	9.7		RefSeq:WP_012686300.1, SO:0001217, UniParc:UPI00016B2CA3, UniRef:UniRef100_UPI00016B2CA3, UniRef:UniRef50_Q0SL23, UniRef:UniRef90_Q0SL23
CP001566.1	27247	28011	-	FMBKCJ_013527	29.2	9.9		RefSeq:WP_012615187.1, SO:0001217, UniParc:UPI00016B2C9F, UniRef:UniRef100_UPI00016B2C9F, UniRef:UniRef50_O50757, UniRef:UniRef90_G0ITN0
CP001567.1	6393	6668	+	FMBKCJ_013533	10.7	6.1		RefSeq:WP_010258413.1, SO:0001217, UniParc:UPI00016B3647, UniRef:UniRef100_O50813, UniRef:UniRef50_O50813, UniRef:UniRef90_O50813
CP001567.1	7667	8053	+	FMBKCJ_013534	14.5	9.1		RefSeq:WP_012686343.1, SO:0001217, UniParc:UPI00016B364B, UniRef:UniRef100_UPI00016B364B, UniRef:UniRef50_UPI001E655032, UniRef:UniRef90_UPI003465D32A
CP001567.1	18381	18485	+	FMBKCJ_013545	4.3	8.0		
CP001567.1	18993	19193	+	FMBKCJ_013546	7.8	4.6		SO:0001217, UniRef:UniRef50_A0A7U4DIY2, UniRef:UniRef90_A0A7U4DIY2
CP001567.1	21710	21904	+	FMBKCJ_013548	7.4	10.2		SO:0001217, UniRef:UniRef50_O50836, UniRef:UniRef90_O50836
CP001567.1	21923	22144	+	FMBKCJ_013549	8.9	9.5		SO:0001217, UniRef:UniRef50_O50837, UniRef:UniRef90_O50837
CP001567.1	23085	23669	-	FMBKCJ_013550	22.1	5.3		RefSeq:WP_012614933.1, SO:0001217, UniParc:UPI00016B379C, UniRef:UniRef100_A0A0H3BZV3, UniRef:UniRef50_A0A0H3BZV3, UniRef:UniRef90_A0A0H3BZV3
CP001567.1	24305	24682	+	FMBKCJ_013552	13.9	6.0		RefSeq:WP_012686329.1, SO:0001217, UniParc:UPI00016B379E, UniRef:UniRef100_UPI00016B379E, UniRef:UniRef50_UPI00016B379E, UniRef:UniRef90_UPI00016B379E
CP001567.1	26663	26881	-	FMBKCJ_013555	8.3	5.0		RefSeq:WP_010890349.1, SO:0001217, UniParc:UPI00000568C6, UniRef:UniRef100_O50844, UniRef:UniRef50_O50844, UniRef:UniRef90_O50844
CP001571.1	15158	15316	+	FMBKCJ_013585	6.1	10.2		RefSeq:WP_010258339.1, SO:0001217, UniParc:UPI00016B339C, UniRef:UniRef100_A0A9N7G314, UniRef:UniRef50_C0RC30, UniRef:UniRef90_A0A9N7G314
CP001571.1	32925	34349	+	FMBKCJ_013608	53.8	6.0		RefSeq:WP_012686460.1, SO:0001217, UniParc:UPI00016B34EC, UniRef:UniRef100_UPI00016B34EC, UniRef:UniRef50_Q0SLV8, UniRef:UniRef90_A0A806CL76
CP094579.1	143868	144056	-	FMBKCJ_013769	7.3	9.3		SO:0001217, UniRef:UniRef50_G0AKV4, UniRef:UniRef90_G0AKV4
CP094579.1	157126	157560	+	FMBKCJ_013780	16.9	10.1		RefSeq:WP_002556754.1, SO:0001217, UniParc:UPI00016B2B02, UniRef:UniRef100_A0A0H3C1D3, UniRef:UniRef50_O51178, UniRef:UniRef90_O51178
CP094579.1	162377	162544	+	FMBKCJ_013786	6.3	10.4		RefSeq:WP_002657037.1, SO:0001217, UniParc:UPI000005738D, UniRef:UniRef100_O51184, UniRef:UniRef50_O51184, UniRef:UniRef90_O51184
CP094579.1	271970	272992	-	FMBKCJ_013887	39.5	4.2		RefSeq:WP_106007273.1, SO:0001217, UniParc:UPI000D039C6E, UniRef:UniRef100_UPI000D039C6E, UniRef:UniRef50_A0A7I6GVW7, UniRef:UniRef90_O51275
CP094579.1	364988	365581	-	FMBKCJ_013979	23.5	9.8		RefSeq:WP_002656114.1, SO:0001217, UniParc:UPI00016B2B2A, UniRef:UniRef100_A0A0H3C4F8, UniRef:UniRef50_Q0SNF6, UniRef:UniRef90_Q0SNF6
CP094579.1	367801	368226	+	FMBKCJ_013982	16.5	9.8		RefSeq:WP_042344817.1, SO:0001217, UniParc:UPI00016B3B6C, UniRef:UniRef100_UPI00016B3B6C, UniRef:UniRef50_O51335, UniRef:UniRef90_O51335
CP094579.1	416046	416462	+	FMBKCJ_014028	16.3	10.5		RefSeq:WP_002661094.1, SO:0001217, UniParc:UPI00016C516C, UniRef:UniRef100_UPI00016C516C, UniRef:UniRef50_B9X884, UniRef:UniRef90_O51365
CP094579.1	644100	644468	+	FMBKCJ_014249	14.6	5.3		RefSeq:WP_002557204.1, SO:0001217, UniParc:UPI000005754F, UniRef:UniRef100_O51562, UniRef:UniRef50_O51562, UniRef:UniRef90_O51562
CP094579.1	653215	654177	+	FMBKCJ_014257	37.3	8.9		RefSeq:WP_002557211.1, SO:0001217, UniParc:UPI0000057556, UniRef:UniRef100_O51569, UniRef:UniRef50_G0AM65, UniRef:UniRef90_G0AM65
CP094579.1	661931	662245	-	FMBKCJ_014264	11.3	8.7		RefSeq:WP_002656819.1, SO:0001217, UniParc:UPI00016B2F7F, UniRef:UniRef100_UPI00016B2F7F, UniRef:UniRef50_O51576, UniRef:UniRef90_O51576
CP094579.1	738453	738992	+	FMBKCJ_014334	21.1	9.9		RefSeq:WP_002656268.1, SO:0001217, UniParc:UPI00000575A2, UniRef:UniRef100_O51644, UniRef:UniRef50_D6RW52, UniRef:UniRef90_O51644
CP094579.1	791602	792876	+	FMBKCJ_014385	48.5	4.5		RefSeq:WP_106007352.1, SO:0001217, UniParc:UPI000D043532, UniRef:UniRef100_UPI000D043532, UniRef:UniRef50_O51690, UniRef:UniRef90_O51690
CP094579.1	814150	814584	-	FMBKCJ_014409	17.6	9.3		RefSeq:WP_002557361.1, SO:0001217, UniParc:UPI00000575E7, UniRef:UniRef100_O51714, UniRef:UniRef50_O51714, UniRef:UniRef90_O51714
CP094589.1	116	463	-	FMBKCJ_014488	13.4	5.5		SO:0001217, UniRef:UniRef50_A0A806C3N4
CP094589.1	3543	3737	+	FMBKCJ_014492	7.2	4.3		
CP094589.1	6175	6858	+	FMBKCJ_014493	26.7	9.4		RefSeq:WP_012622432.1, SO:0001217, UniParc:UPI00016B27D7, UniRef:UniRef100_A0A9N7B4Y8, UniRef:UniRef50_C0R8X6, UniRef:UniRef90_A0A5J6WFZ6
CP094580.1	9838	10035	+	FMBKCJ_014515	7.9	8.7		SO:0001217, UniRef:UniRef50_UPI00292FE4BF, UniRef:UniRef90_UPI00292FE4BF
CP094590.1	8374	8589	-	FMBKCJ_014535	8.3	5.3		
CP094590.1	14046	14165	-	FMBKCJ_014538	4.4	4.6		RefSeq:WP_012614965.1, SO:0001217, UniParc:UPI00016B2E1E, UniRef:UniRef100_A0A0H3C151, UniRef:UniRef50_A0A0H3C151, UniRef:UniRef90_A0A0H3C151
CP094591.1	2	412	+	FMBKCJ_014549	16.2	9.8		SO:0001217, UniRef:UniRef50_O51012, UniRef:UniRef90_O51012
CP094591.1	1716	2072	+	FMBKCJ_014552	14.3	9.6		RefSeq:WP_012615033.1, SO:0001217, UniParc:UPI00017F4968, UniRef:UniRef100_A0A7U3YBP9, UniRef:UniRef50_Q44728, UniRef:UniRef90_A0A7U3YBP9
CP094591.1	2279	2377	+	FMBKCJ_014553	3.6	8.5		
CP094591.1	4594	4833	+	FMBKCJ_014556	8.8	9.7		RefSeq:WP_012615028.1, SO:0001217, UniParc:UPI00016B2DFC, UniRef:UniRef100_A0A7U3YBR9, UniRef:UniRef50_A0A7U3YBR9, UniRef:UniRef90_A0A7U3YBR9
CP094591.1	23653	24489	-	FMBKCJ_014570	32.2	9.1	PF05714.16|PFam54_60	PFAM:PF05714.16, RefSeq:WP_012622389.1, SO:0001217, UniParc:UPI00016B2F6C, UniRef:UniRef100_A0A7U4DJ06, UniRef:UniRef90_Q66YX5
CP094591.1	27048	27224	+	FMBKCJ_014573	6.9	9.6		RefSeq:WP_010257051.1, SO:0001217, UniParc:UPI00016B2F6F, UniRef:UniRef100_A0A7U4DJ52, UniRef:UniRef50_A0A7X0DLS6, UniRef:UniRef90_A0A7U4DJ52
CP094591.1	28332	28754	-	FMBKCJ_014575	16.1	9.7		SO:0001217, UniRef:UniRef50_Q0SLQ7
CP094592.1	1910	2068	+	FMBKCJ_014577	6.1	9.3		RefSeq:WP_199183298.1, SO:0001217, UniParc:UPI0018EBDAC6, UniRef:UniRef100_UPI0018EBDAC6, UniRef:UniRef50_G0AP55, UniRef:UniRef90_G0AP55
CP094592.1	4514	4612	+	FMBKCJ_014580	4.0	9.7		
CP094592.1	4605	4892	+	FMBKCJ_014581	11.2	10.0		RefSeq:WP_012622462.1, SO:0001217, UniParc:UPI00016B34D8, UniRef:UniRef100_A0A7U4DIN4, UniRef:UniRef50_A0A7U4DIN4, UniRef:UniRef90_A0A7U4DIN4
CP094592.1	21101	21307	+	FMBKCJ_014589	8.1	9.2		RefSeq:WP_233189762.1, SO:0001217, UniParc:UPI001E599716, UniRef:UniRef100_UPI001E48DE6B, UniRef:UniRef50_A0A7X0DQW6, UniRef:UniRef90_UPI001E38039A
CP094592.1	26712	27065	-	FMBKCJ_014594	14.1	9.3		RefSeq:WP_106007396.1, SO:0001217, UniParc:UPI000D03C6FE, UniRef:UniRef100_UPI000D03C6FE, UniRef:UniRef50_Q44728, UniRef:UniRef90_Q44728
CP094593.1	136	432	+	FMBKCJ_014596	11.2	9.7		RefSeq:WP_257724435.1, SO:0001217, UniParc:UPI0021504E40, UniRef:UniRef100_UPI0021504E40, UniRef:UniRef50_UPI0021504E40, UniRef:UniRef90_UPI0021504E40
CP094593.1	9998	10441	-	FMBKCJ_014605	16.6	6.7		RefSeq:WP_010256673.1, SO:0001217, UniParc:UPI000005685A, UniRef:UniRef100_O50737, UniRef:UniRef50_O50737, UniRef:UniRef90_O50737
CP094593.1	10846	11184	-	FMBKCJ_014607	13.1	5.3		RefSeq:WP_015056340.1, SO:0001217, UniParc:UPI0001F239C1, UniRef:UniRef100_A0A9N7G4G2, UniRef:UniRef50_O50739, UniRef:UniRef90_O50739
CP094593.1	11197	12030	-	FMBKCJ_014608	31.4	6.3		RefSeq:WP_012622685.1, SO:0001217, UniParc:UPI00016B3625, UniRef:UniRef100_A0A9N7G4B9, UniRef:UniRef50_O50740, UniRef:UniRef90_O50740
CP094593.1	15720	16517	-	FMBKCJ_014614	30.5	8.8		RefSeq:WP_015056337.1, SO:0001217, UniParc:UPI00006EA8AF, UniRef:UniRef100_A0A9N7B969, UniRef:UniRef90_A0A9N7B969
CP094593.1	16527	17309	-	FMBKCJ_014615	29.7	7.6		RefSeq:WP_015056343.1, SO:0001217, UniParc:UPI00006EA8B7, UniRef:UniRef100_A0A9N7G3J7, UniRef:UniRef90_O50746
CP094593.1	20392	20763	-	FMBKCJ_014618	13.9	8.5		RefSeq:WP_012622701.1, SO:0001217, UniParc:UPI00016B3782, UniRef:UniRef100_A0A7U4DIU8, UniRef:UniRef50_O50749, UniRef:UniRef90_A0A1L8ZA88
CP094593.1	21448	21861	-	FMBKCJ_014620	16.1	9.3		RefSeq:WP_012622693.1, SO:0001217, UniParc:UPI00017F42BB, UniRef:UniRef100_A0A7U4DIU7, UniRef:UniRef50_O50751, UniRef:UniRef90_A0A1L8ZA81
CP094593.1	25786	26409	-	FMBKCJ_014625	24.0	9.7		RefSeq:WP_257724438.1, SO:0001217, UniParc:UPI00214FF6BC, UniRef:UniRef100_UPI0018EB8A1E, UniRef:UniRef50_O50757, UniRef:UniRef90_G0APM7
CP094584.1	23786	23962	+	FMBKCJ_014788	6.6	7.9		SO:0001217, UniRef:UniRef50_G0ANK8
CP094584.1	27639	28166	+	FMBKCJ_014793	20.8	9.1		RefSeq:WP_012621486.1, SO:0001217, UniParc:UPI00016B2C5B, UniRef:UniRef100_A0A9N7ARY7, UniRef:UniRef90_A0A0H3C0R6
CP094584.1	28348	28914	+	FMBKCJ_014794	21.8	8.8		RefSeq:WP_010883850.1, SO:0001217, UniParc:UPI00000576EB, UniRef:UniRef100_Q9S073, UniRef:UniRef90_Q9S073
CP094587.1	18597	19070	+	FMBKCJ_014911	19.0	9.2		RefSeq:WP_012621301.1, SO:0001217, UniParc:UPI00016B3CEA, UniRef:UniRef100_A0A9N7AWA4, UniRef:UniRef50_A0AB34Z3Q4, UniRef:UniRef90_Q9X3P1
CP094588.1	1	153	+	FMBKCJ_014915	5.9	6.4		
CP094588.1	13394	13612	+	FMBKCJ_014937	8.7	9.5		RefSeq:WP_257724431.1, SO:0001217, UniParc:UPI00214FC8E7, UniRef:UniRef100_UPI00214FC8E7, UniRef:UniRef50_UPI00214FC8E7, UniRef:UniRef90_UPI00214FC8E7
CP094588.1	20350	20568	+	FMBKCJ_014947	8.6	6.5		SO:0001217, UniRef:UniRef50_A0A1L8Z9R0, UniRef:UniRef90_UPI001E40C969
CP094594.1	3673	3948	+	FMBKCJ_014952	10.7	8.9		RefSeq:WP_012622654.1, SO:0001217, UniParc:UPI00016B3A30, UniRef:UniRef100_A0A9N7BD28, UniRef:UniRef50_O50813, UniRef:UniRef90_O50813
CP094594.1	17026	17247	+	FMBKCJ_014965	8.9	9.5		SO:0001217, UniParc:UPI00000568BF, UniRef:UniRef100_O50837, UniRef:UniRef50_O50837, UniRef:UniRef90_O50837
CP094594.1	17409	17582	+	FMBKCJ_014966	6.8	9.3		RefSeq:WP_012614960.1, SO:0001217, UniParc:UPI00016B368A, UniRef:UniRef100_A0A0H3C422, UniRef:UniRef50_O50838, UniRef:UniRef90_O50838
CP094594.1	20170	20316	-	FMBKCJ_014969	5.6	10.3		SO:0001217, UniRef:UniRef50_A0A7I6GXF4
CP094594.1	22385	22558	-	FMBKCJ_014971	6.8	9.3		RefSeq:WP_012614960.1, SO:0001217, UniParc:UPI00016B368A, UniRef:UniRef100_A0A0H3C422, UniRef:UniRef50_O50838, UniRef:UniRef90_O50838
CP094594.1	22720	22941	-	FMBKCJ_014972	8.9	9.5		SO:0001217, UniParc:UPI00000568BF, UniRef:UniRef100_O50837, UniRef:UniRef50_O50837, UniRef:UniRef90_O50837
CP094595.1	18557	18721	-	FMBKCJ_014999	6.4	9.5		RefSeq:WP_012622541.1, SO:0001217, UniParc:UPI00016B2DBB, UniRef:UniRef100_UPI00016B2DBB, UniRef:UniRef50_G0AP55, UniRef:UniRef90_UPI00016B2DBB
CP094595.1	18751	18957	+	FMBKCJ_015000	8.4	9.6		
CP094595.1	23136	23243	-	FMBKCJ_015005	4.1	5.0		
CP094595.1	25343	25660	+	FMBKCJ_015006	12.6	5.3		RefSeq:WP_015056368.1, SO:0001217, UniParc:UPI0001F239B4, UniRef:UniRef100_A0A9N7BD82, UniRef:UniRef50_A0A9N7BD82, UniRef:UniRef90_A0A9N7BD82
CP094596.1	15059	15217	+	FMBKCJ_015026	6.1	10.2		RefSeq:WP_010258339.1, SO:0001217, UniParc:UPI00016B339C, UniRef:UniRef100_A0A9N7G314, UniRef:UniRef50_C0RC30, UniRef:UniRef90_A0A9N7G314
CP094596.1	18061	18654	+	FMBKCJ_015030	22.7	9.1		RefSeq:WP_012622796.1, SO:0001217, UniParc:UPI00016B38CF, UniRef:UniRef100_A0A9N7AM77, UniRef:UniRef50_O50923, UniRef:UniRef90_O50923
CP094596.1	32867	34264	+	FMBKCJ_015049	52.8	6.5		RefSeq:WP_012622802.1, SO:0001217, UniParc:UPI000005692B, UniRef:UniRef100_A0A7U4DJ15, UniRef:UniRef50_Q0SLV8, UniRef:UniRef90_A0A806CL76
CP005925.1	144366	144554	-	FMBKCJ_015213	7.3	9.5		SO:0001217, UniParc:UPI00018847F9, UniRef:UniRef100_A0A0H3C4A0, UniRef:UniRef50_G0AKV4, UniRef:UniRef90_G0AKV4
CP005925.1	157630	158064	+	FMBKCJ_015224	16.9	10.1		RefSeq:WP_010889695.1, SO:0001217, UniParc:UPI0000057387, UniRef:UniRef100_O51178, UniRef:UniRef50_O51178, UniRef:UniRef90_O51178
CP005925.1	162881	163048	+	FMBKCJ_015230	6.3	10.4		RefSeq:WP_002657037.1, SO:0001217, UniParc:UPI000005738D, UniRef:UniRef100_O51184, UniRef:UniRef50_O51184, UniRef:UniRef90_O51184
CP005925.1	272635	273648	-	FMBKCJ_015331	39.1	4.3		RefSeq:WP_010889720.1, SO:0001217, UniParc:UPI00000573ED, UniRef:UniRef100_O51275, UniRef:UniRef50_A0A7I6GVW7, UniRef:UniRef90_O51275
CP005925.1	365652	366146	-	FMBKCJ_015423	19.5	9.9		SO:0001217, UniRef:UniRef50_Q0SNF6, UniRef:UniRef90_Q0SNF6
CP005925.1	366153	366245	-	FMBKCJ_015424	3.5	5.9		
CP005925.1	368465	368890	+	FMBKCJ_015427	16.5	9.7		RefSeq:WP_010889734.1, SO:0001217, UniParc:UPI0000057451, UniRef:UniRef100_O51335, UniRef:UniRef50_O51335, UniRef:UniRef90_O51335
CP005925.1	416698	417114	+	FMBKCJ_015472	16.3	10.4		RefSeq:WP_002556999.1, SO:0001217, UniParc:UPI000005747C, UniRef:UniRef100_O51365, UniRef:UniRef50_B9X884, UniRef:UniRef90_O51365
CP005925.1	443772	444059	-	FMBKCJ_015495	11.3	9.8		RefSeq:WP_157864221.1, SO:0001217, UniParc:UPI0012FF1DCC, UniRef:UniRef100_UPI0012FF1DCC, UniRef:UniRef50_UPI0012FF1DCC, UniRef:UniRef90_UPI0012FF1DCC
CP005925.1	515789	516007	+	FMBKCJ_015585	8.5	9.5		
CP005925.1	532078	532530	+	FMBKCJ_015595	17.2	7.7		
CP005925.1	532860	533615	+	FMBKCJ_015596	27.9	5.2	PF02540.23|NAD_synthase	PFAM:PF02540.23
CP005925.1	540785	541147	-	FMBKCJ_015604	13.8	9.8		
CP005925.1	644781	645149	+	FMBKCJ_015697	14.6	5.1		RefSeq:WP_020948773.1, SO:0001217, UniParc:UPI0003844DDE, UniRef:UniRef100_UPI0003844DDE, UniRef:UniRef50_O51562, UniRef:UniRef90_O51562
CP005925.1	653896	654858	+	FMBKCJ_015705	37.3	8.9		RefSeq:WP_002557211.1, SO:0001217, UniParc:UPI0000057556, UniRef:UniRef100_O51569, UniRef:UniRef50_G0AM65, UniRef:UniRef90_G0AM65
CP005925.1	662612	662926	-	FMBKCJ_015712	11.3	8.7		RefSeq:WP_002665784.1, SO:0001217, UniParc:UPI00017F45E1, UniRef:UniRef100_UPI00017F45E1, UniRef:UniRef50_O51576, UniRef:UniRef90_O51576
CP005925.1	668532	668843	-	FMBKCJ_015716	12.4	9.7		
CP005925.1	739153	739692	+	FMBKCJ_015783	21.1	9.9		RefSeq:WP_002656268.1, SO:0001217, UniParc:UPI00000575A2, UniRef:UniRef100_O51644, UniRef:UniRef50_D6RW52, UniRef:UniRef90_O51644
CP005925.1	747946	748128	+	FMBKCJ_015795	7.1	9.9		
CP005925.1	792360	793634	+	FMBKCJ_015835	48.5	4.5		RefSeq:WP_002664629.1, SO:0001217, UniParc:UPI00017F4987, UniRef:UniRef100_UPI00017F4987, UniRef:UniRef50_O51690, UniRef:UniRef90_O51690
CP005925.1	814877	815311	-	FMBKCJ_015859	17.6	9.3		RefSeq:WP_002557361.1, SO:0001217, UniParc:UPI00000575E7, UniRef:UniRef100_O51714, UniRef:UniRef50_O51714, UniRef:UniRef90_O51714
CP124108.1	296	664	+	FMBKCJ_015932	14.4	5.7		SO:0001217, UniRef:UniRef50_A0A1L8ZDT6, UniRef:UniRef90_UPI0002DD5E2F
CP124108.1	144389	144577	-	FMBKCJ_016071	7.3	9.5		SO:0001217, UniParc:UPI00018847F9, UniRef:UniRef100_A0A0H3C4A0, UniRef:UniRef50_G0AKV4, UniRef:UniRef90_G0AKV4
CP124108.1	157647	158081	+	FMBKCJ_016082	16.9	10.1		RefSeq:WP_002556754.1, SO:0001217, UniParc:UPI00016B2B02, UniRef:UniRef100_A0A0H3C1D3, UniRef:UniRef50_O51178, UniRef:UniRef90_O51178
CP124108.1	162898	163065	+	FMBKCJ_016088	6.3	10.4		RefSeq:WP_002657037.1, SO:0001217, UniParc:UPI000005738D, UniRef:UniRef100_O51184, UniRef:UniRef50_O51184, UniRef:UniRef90_O51184
CP124108.1	272022	273035	-	FMBKCJ_016189	39.0	4.3		RefSeq:WP_010254163.1, SO:0001217, UniParc:UPI00017F2EE4, UniRef:UniRef100_UPI00017F2EE4, UniRef:UniRef50_A0A7I6GVW7, UniRef:UniRef90_O51275
CP124108.1	365008	365601	-	FMBKCJ_016281	23.5	9.8		RefSeq:WP_008882638.1, SO:0001217, UniParc:UPI00017F2A10, UniRef:UniRef100_A0A826GVI4, UniRef:UniRef50_Q0SNF6, UniRef:UniRef90_Q0SNF6
CP124108.1	367821	368246	+	FMBKCJ_016284	16.5	9.8		RefSeq:WP_042344817.1, SO:0001217, UniParc:UPI00016B3B6C, UniRef:UniRef100_UPI00016B3B6C, UniRef:UniRef50_O51335, UniRef:UniRef90_O51335
CP124108.1	416056	416472	+	FMBKCJ_016329	16.2	10.4		RefSeq:WP_010256869.1, SO:0001217, UniParc:UPI00017F2B6C, UniRef:UniRef100_UPI00017F2B6C, UniRef:UniRef50_B9X884, UniRef:UniRef90_O51365
CP124108.1	643997	644365	+	FMBKCJ_016550	14.6	5.3		RefSeq:WP_002557204.1, SO:0001217, UniParc:UPI000005754F, UniRef:UniRef100_O51562, UniRef:UniRef50_O51562, UniRef:UniRef90_O51562
CP124108.1	653112	654074	+	FMBKCJ_016558	37.3	8.9		RefSeq:WP_010254473.1, SO:0001217, UniParc:UPI00017F32EF, UniRef:UniRef100_UPI00017F32EF, UniRef:UniRef50_G0AM65, UniRef:UniRef90_G0AM65
CP124108.1	661828	662142	-	FMBKCJ_016565	11.3	8.7		SO:0001217, UniRef:UniRef50_O51576, UniRef:UniRef90_A0AAC9PJE2
CP124108.1	738368	738907	+	FMBKCJ_016635	21.1	9.9		RefSeq:WP_010254638.1, SO:0001217, UniParc:UPI00017F36A6, UniRef:UniRef100_UPI00017F36A6, UniRef:UniRef50_D6RW52, UniRef:UniRef90_O51644
CP124108.1	791574	792845	+	FMBKCJ_016686	48.6	4.6		RefSeq:WP_010254750.1, SO:0001217, UniParc:UPI00017F3A55, UniRef:UniRef100_UPI00017F3A55, UniRef:UniRef50_O51690, UniRef:UniRef90_O51690
CP124108.1	814117	814551	-	FMBKCJ_016710	17.6	9.3		RefSeq:WP_002557361.1, SO:0001217, UniParc:UPI00000575E7, UniRef:UniRef100_O51714, UniRef:UniRef50_O51714, UniRef:UniRef90_O51714
CP124106.1	836	1189	+	FMBKCJ_016781	14.1	9.5		RefSeq:WP_010257646.1, SO:0001217, UniParc:UPI00017F34BF, UniRef:UniRef100_UPI00017F34BF, UniRef:UniRef50_Q44728, UniRef:UniRef90_UPI001E40A269
CP124106.1	4298	4981	+	FMBKCJ_016784	26.7	9.3		RefSeq:WP_010257654.1, SO:0001217, UniParc:UPI00017F34C2, UniRef:UniRef100_UPI00017F34C2, UniRef:UniRef50_C0R8X6, UniRef:UniRef90_A0A5J6WFZ6
CP124107.1	6455	6736	+	FMBKCJ_016827	10.3	9.4		
CP124107.1	14638	14877	+	FMBKCJ_016836	9.0	4.5		
CP124107.1	20372	21769	-	FMBKCJ_016844	52.8	6.6		SO:0001217, UniRef:UniRef50_Q0SLV8, UniRef:UniRef90_A0A806CL76
CP124107.1	35965	36558	-	FMBKCJ_016863	22.7	9.1		RefSeq:WP_010258362.1, SO:0001217, UniParc:UPI00016B33CF, UniRef:UniRef100_A0A0H3C267, UniRef:UniRef50_O50923, UniRef:UniRef90_O50923
CP124107.1	39396	39554	-	FMBKCJ_016867	6.1	10.2		RefSeq:WP_010258339.1, SO:0001217, UniParc:UPI00016B339C, UniRef:UniRef100_A0A9N7G314, UniRef:UniRef50_C0RC30, UniRef:UniRef90_A0A9N7G314
CP124096.1	308	676	+	FMBKCJ_016886	14.4	5.7		SO:0001217, UniRef:UniRef50_A0A1L8ZDT6, UniRef:UniRef90_UPI0002DD5E2F
CP124096.1	144359	144547	-	FMBKCJ_017025	7.3	9.5		SO:0001217, UniParc:UPI00018847F9, UniRef:UniRef100_A0A0H3C4A0, UniRef:UniRef50_G0AKV4, UniRef:UniRef90_G0AKV4
CP124096.1	157671	158054	+	FMBKCJ_017036	14.8	10.2		SO:0001217, UniRef:UniRef50_O51178, UniRef:UniRef90_O51178
CP124096.1	162871	163038	+	FMBKCJ_017042	6.3	10.4		RefSeq:WP_002657037.1, SO:0001217, UniParc:UPI000005738D, UniRef:UniRef100_O51184, UniRef:UniRef50_O51184, UniRef:UniRef90_O51184
CP124096.1	272627	273643	-	FMBKCJ_017143	39.3	4.2		RefSeq:WP_002657701.1, SO:0001217, UniParc:UPI00016B338F, UniRef:UniRef100_UPI00016B338F, UniRef:UniRef50_A0A7I6GVW7, UniRef:UniRef90_O51275
CP124096.1	365617	366210	-	FMBKCJ_017235	23.5	9.8		RefSeq:WP_002656114.1, SO:0001217, UniParc:UPI00016B2B2A, UniRef:UniRef100_A0A0H3C4F8, UniRef:UniRef50_Q0SNF6, UniRef:UniRef90_Q0SNF6
CP124096.1	368430	368855	+	FMBKCJ_017238	16.5	9.7		RefSeq:WP_010889734.1, SO:0001217, UniParc:UPI0000057451, UniRef:UniRef100_O51335, UniRef:UniRef50_O51335, UniRef:UniRef90_O51335
CP124096.1	416665	417081	+	FMBKCJ_017283	16.3	10.5		SO:0001217, UniRef:UniRef50_B9X884, UniRef:UniRef90_O51365
CP124096.1	644621	644989	+	FMBKCJ_017504	14.6	5.3		RefSeq:WP_002557204.1, SO:0001217, UniParc:UPI000005754F, UniRef:UniRef100_O51562, UniRef:UniRef50_O51562, UniRef:UniRef90_O51562
CP124096.1	653735	654697	+	FMBKCJ_017512	37.3	8.9		RefSeq:WP_002557211.1, SO:0001217, UniParc:UPI0000057556, UniRef:UniRef100_O51569, UniRef:UniRef50_G0AM65, UniRef:UniRef90_G0AM65
CP124096.1	662451	662765	-	FMBKCJ_017519	11.3	8.7		RefSeq:WP_002656819.1, SO:0001217, UniParc:UPI00016B2F7F, UniRef:UniRef100_UPI00016B2F7F, UniRef:UniRef50_O51576, UniRef:UniRef90_O51576
CP124096.1	738982	739521	+	FMBKCJ_017589	21.1	9.9		RefSeq:WP_002656268.1, SO:0001217, UniParc:UPI00000575A2, UniRef:UniRef100_O51644, UniRef:UniRef50_D6RW52, UniRef:UniRef90_O51644
CP124096.1	792189	793463	+	FMBKCJ_017640	48.6	4.5		RefSeq:WP_002657506.1, SO:0001217, UniParc:UPI00016B27E7, UniRef:UniRef100_UPI00016B27E7, UniRef:UniRef50_O51690, UniRef:UniRef90_O51690
CP124096.1	814716	815150	-	FMBKCJ_017664	17.6	9.3		RefSeq:WP_002557361.1, SO:0001217, UniParc:UPI00000575E7, UniRef:UniRef100_O51714, UniRef:UniRef50_O51714, UniRef:UniRef90_O51714
CP124094.1	1426	1530	-	FMBKCJ_017739	3.8	6.5		SO:0001217, UniRef:UniRef50_A0A0H3C3H1, UniRef:UniRef90_A0A0H3C3H1
CP124094.1	2026	2382	+	FMBKCJ_017740	14.3	9.4		RefSeq:WP_010883928.1, SO:0001217, UniParc:UPI000005696E, UniRef:UniRef100_Q44728, UniRef:UniRef50_Q44728, UniRef:UniRef90_Q44728
CP124094.1	4218	4439	+	FMBKCJ_017742	8.6	5.7	PF05714.16|PFam54_60	PFAM:PF05714.16, RefSeq:WP_010258242.1, SO:0001217, UniParc:UPI00016B30E2, UniRef:UniRef100_G5IXH9, UniRef:UniRef50_G5IXH9, UniRef:UniRef90_G5IXH9
CP124094.1	5676	6359	+	FMBKCJ_017743	26.7	9.4		RefSeq:WP_010258240.1, SO:0001217, UniParc:UPI00016B30E1, UniRef:UniRef100_A0A7U4DIN3, UniRef:UniRef50_C0R8X6, UniRef:UniRef90_A0A5J6WFZ6
CP124095.1	15173	15331	+	FMBKCJ_017796	6.1	10.2		RefSeq:WP_010258339.1, SO:0001217, UniParc:UPI00016B339C, UniRef:UniRef100_A0A9N7G314, UniRef:UniRef50_C0RC30, UniRef:UniRef90_A0A9N7G314
CP124095.1	32955	34406	+	FMBKCJ_017819	54.9	5.9		SO:0001217, UniRef:UniRef50_Q0SLV8, UniRef:UniRef90_A0A806CL76
CP124095.1	39914	40159	-	FMBKCJ_017827	9.2	4.4		
CP124080.1	144205	144393	-	FMBKCJ_017981	7.3	9.3		SO:0001217, UniRef:UniRef50_G0AKV4, UniRef:UniRef90_G0AKV4
CP124080.1	157463	157897	+	FMBKCJ_017992	16.9	10.1		RefSeq:WP_002556754.1, SO:0001217, UniParc:UPI00016B2B02, UniRef:UniRef100_A0A0H3C1D3, UniRef:UniRef50_O51178, UniRef:UniRef90_O51178
CP124080.1	162714	162881	+	FMBKCJ_017998	6.3	10.4		RefSeq:WP_002657037.1, SO:0001217, UniParc:UPI000005738D, UniRef:UniRef100_O51184, UniRef:UniRef50_O51184, UniRef:UniRef90_O51184
CP124080.1	272307	273329	-	FMBKCJ_018099	39.5	4.2		RefSeq:WP_106007273.1, SO:0001217, UniParc:UPI000D039C6E, UniRef:UniRef100_UPI000D039C6E, UniRef:UniRef50_A0A7I6GVW7, UniRef:UniRef90_O51275
CP124080.1	365325	365918	-	FMBKCJ_018191	23.5	9.8		RefSeq:WP_002656114.1, SO:0001217, UniParc:UPI00016B2B2A, UniRef:UniRef100_A0A0H3C4F8, UniRef:UniRef50_Q0SNF6, UniRef:UniRef90_Q0SNF6
CP124080.1	368138	368563	+	FMBKCJ_018194	16.5	9.8		RefSeq:WP_042344817.1, SO:0001217, UniParc:UPI00016B3B6C, UniRef:UniRef100_UPI00016B3B6C, UniRef:UniRef50_O51335, UniRef:UniRef90_O51335
CP124080.1	416383	416799	+	FMBKCJ_018240	16.3	10.5		RefSeq:WP_002661094.1, SO:0001217, UniParc:UPI00016C516C, UniRef:UniRef100_UPI00016C516C, UniRef:UniRef50_B9X884, UniRef:UniRef90_O51365
CP124080.1	644437	644805	+	FMBKCJ_018461	14.6	5.3		RefSeq:WP_002557204.1, SO:0001217, UniParc:UPI000005754F, UniRef:UniRef100_O51562, UniRef:UniRef50_O51562, UniRef:UniRef90_O51562
CP124080.1	653552	654514	+	FMBKCJ_018469	37.3	8.9		RefSeq:WP_002557211.1, SO:0001217, UniParc:UPI0000057556, UniRef:UniRef100_O51569, UniRef:UniRef50_G0AM65, UniRef:UniRef90_G0AM65
CP124080.1	662268	662582	-	FMBKCJ_018476	11.3	8.7		RefSeq:WP_002656819.1, SO:0001217, UniParc:UPI00016B2F7F, UniRef:UniRef100_UPI00016B2F7F, UniRef:UniRef50_O51576, UniRef:UniRef90_O51576
CP124080.1	738790	739329	+	FMBKCJ_018546	21.1	9.9		RefSeq:WP_002656268.1, SO:0001217, UniParc:UPI00000575A2, UniRef:UniRef100_O51644, UniRef:UniRef50_D6RW52, UniRef:UniRef90_O51644
CP124080.1	791939	793213	+	FMBKCJ_018597	48.5	4.5		RefSeq:WP_106007352.1, SO:0001217, UniParc:UPI000D043532, UniRef:UniRef100_UPI000D043532, UniRef:UniRef50_O51690, UniRef:UniRef90_O51690
CP124080.1	814487	814921	-	FMBKCJ_018621	17.6	9.3		RefSeq:WP_002557361.1, SO:0001217, UniParc:UPI00000575E7, UniRef:UniRef100_O51714, UniRef:UniRef50_O51714, UniRef:UniRef90_O51714
CP124078.1	165	512	-	FMBKCJ_018694	13.4	5.5		SO:0001217, UniRef:UniRef50_A0A806C3N4
CP124078.1	3592	3786	+	FMBKCJ_018698	7.2	4.3		
CP124078.1	6224	6907	+	FMBKCJ_018699	26.7	9.4		RefSeq:WP_012622432.1, SO:0001217, UniParc:UPI00016B27D7, UniRef:UniRef100_A0A9N7B4Y8, UniRef:UniRef50_C0R8X6, UniRef:UniRef90_A0A5J6WFZ6
CP124079.1	15205	15363	+	FMBKCJ_018753	6.1	10.2		RefSeq:WP_010258339.1, SO:0001217, UniParc:UPI00016B339C, UniRef:UniRef100_A0A9N7G314, UniRef:UniRef50_C0RC30, UniRef:UniRef90_A0A9N7G314
CP124079.1	18207	18800	+	FMBKCJ_018757	22.7	9.1		RefSeq:WP_012622796.1, SO:0001217, UniParc:UPI00016B38CF, UniRef:UniRef100_A0A9N7AM77, UniRef:UniRef50_O50923, UniRef:UniRef90_O50923
CP124079.1	33013	34410	+	FMBKCJ_018776	52.8	6.5		RefSeq:WP_012622802.1, SO:0001217, UniParc:UPI000005692B, UniRef:UniRef100_A0A7U4DJ15, UniRef:UniRef50_Q0SLV8, UniRef:UniRef90_A0A806CL76
CP094561.1	112	480	+	FMBKCJ_018799	14.4	5.7		SO:0001217, UniRef:UniRef50_A0A1L8ZDT6, UniRef:UniRef90_UPI0002DD5E2F
CP094561.1	157312	157746	+	FMBKCJ_018950	16.9	10.1		RefSeq:WP_002556754.1, SO:0001217, UniParc:UPI00016B2B02, UniRef:UniRef100_A0A0H3C1D3, UniRef:UniRef50_O51178, UniRef:UniRef90_O51178
CP094561.1	162563	162730	+	FMBKCJ_018956	6.3	10.4		RefSeq:WP_002657037.1, SO:0001217, UniParc:UPI000005738D, UniRef:UniRef100_O51184, UniRef:UniRef50_O51184, UniRef:UniRef90_O51184
CP094561.1	272495	273508	-	FMBKCJ_019057	39.1	4.3		RefSeq:WP_002663185.1, SO:0001217, UniParc:UPI00017F3288, UniRef:UniRef100_UPI00017F3288, UniRef:UniRef50_A0A7I6GVW7, UniRef:UniRef90_O51275
CP094561.1	365513	366106	-	FMBKCJ_019149	23.5	9.8		RefSeq:WP_002660620.1, SO:0001217, UniParc:UPI00016C4A9F, UniRef:UniRef100_A0A7U8I753, UniRef:UniRef50_Q0SNF6, UniRef:UniRef90_Q0SNF6
CP094561.1	368326	368751	+	FMBKCJ_019152	16.4	9.7		RefSeq:WP_002663269.1, SO:0001217, UniParc:UPI0001956A4C, UniRef:UniRef100_UPI0001956A4C, UniRef:UniRef50_O51335, UniRef:UniRef90_O51335
CP094561.1	416561	416977	+	FMBKCJ_019197	16.3	10.5		RefSeq:WP_002661094.1, SO:0001217, UniParc:UPI00016C516C, UniRef:UniRef100_UPI00016C516C, UniRef:UniRef50_B9X884, UniRef:UniRef90_O51365
CP094561.1	644601	644969	+	FMBKCJ_019418	14.6	5.3		RefSeq:WP_002557204.1, SO:0001217, UniParc:UPI000005754F, UniRef:UniRef100_O51562, UniRef:UniRef50_O51562, UniRef:UniRef90_O51562
CP094561.1	653709	654671	+	FMBKCJ_019426	37.3	8.9		RefSeq:WP_002557211.1, SO:0001217, UniParc:UPI0000057556, UniRef:UniRef100_O51569, UniRef:UniRef50_G0AM65, UniRef:UniRef90_G0AM65
CP094561.1	662425	662739	-	FMBKCJ_019433	11.3	8.7		RefSeq:WP_002656819.1, SO:0001217, UniParc:UPI00016B2F7F, UniRef:UniRef100_UPI00016B2F7F, UniRef:UniRef50_O51576, UniRef:UniRef90_O51576
CP094561.1	738956	739495	+	FMBKCJ_019503	21.1	9.9		RefSeq:WP_002656268.1, SO:0001217, UniParc:UPI00000575A2, UniRef:UniRef100_O51644, UniRef:UniRef50_D6RW52, UniRef:UniRef90_O51644
CP094561.1	792184	793458	+	FMBKCJ_019554	48.6	4.5		RefSeq:WP_002660480.1, SO:0001217, UniParc:UPI00016C439D, UniRef:UniRef100_A0A7U8F020, UniRef:UniRef50_O51690, UniRef:UniRef90_O51690
CP094561.1	814729	815163	-	FMBKCJ_019578	17.6	9.3		RefSeq:WP_002557361.1, SO:0001217, UniParc:UPI00000575E7, UniRef:UniRef100_O51714, UniRef:UniRef50_O51714, UniRef:UniRef90_O51714
CP094569.1	3466	4149	+	FMBKCJ_019651	26.7	9.4		RefSeq:WP_012622432.1, SO:0001217, UniParc:UPI00016B27D7, UniRef:UniRef100_A0A9N7B4Y8, UniRef:UniRef50_C0R8X6, UniRef:UniRef90_A0A5J6WFZ6
CP094570.1	7667	7792	-	FMBKCJ_019663	4.8	10.6		RefSeq:WP_012614988.1, SO:0001217, UniParc:UPI00016B3107, UniRef:UniRef100_A0A0H3C131, UniRef:UniRef50_A0A0H3C131, UniRef:UniRef90_A0A0H3C131
CP094570.1	7796	7918	-	FMBKCJ_019664	4.8	9.9		SO:0001217, UniRef:UniRef50_A0A0H3C0J1, UniRef:UniRef90_A0A0H3C0J1
CP094570.1	18286	18432	+	FMBKCJ_019673	5.9	9.6		
CP094570.1	19013	19123	+	FMBKCJ_019674	4.4	9.7		
CP094570.1	20017	20160	+	FMBKCJ_019675	5.4	4.4		SO:0001217, UniRef:UniRef50_A0A7W9ZC39, UniRef:UniRef90_UPI00017F3D76
CP094571.1	1	219	+	FMBKCJ_019702	8.3	9.8	PF05154.21|TM2	PFAM:PF05154.21
CP094571.1	1150	1341	+	FMBKCJ_019704	7.8	6.6		RefSeq:WP_012622447.1, SO:0001217, UniParc:UPI00016B34DB, UniRef:UniRef100_A0A7U4DIT2, UniRef:UniRef50_A0A7U4DIT2, UniRef:UniRef90_A0A7U4DIT2
CP094571.1	4222	4320	+	FMBKCJ_019707	4.0	9.7		
CP094571.1	4313	4600	+	FMBKCJ_019708	11.2	10.0		RefSeq:WP_012622462.1, SO:0001217, UniParc:UPI00016B34D8, UniRef:UniRef100_A0A7U4DIN4, UniRef:UniRef50_A0A7U4DIN4, UniRef:UniRef90_A0A7U4DIN4
CP094571.1	21862	22479	-	FMBKCJ_019718	23.5	9.8		SO:0001217, UniRef:UniRef50_O50757, UniRef:UniRef90_UPI00016C55D9
CP094572.1	12585	12704	-	FMBKCJ_019723	4.4	4.9		SO:0001217, UniRef:UniRef50_A0A0H3C151, UniRef:UniRef90_A0A0H3C151
CP094573.1	1304	1408	-	FMBKCJ_019736	3.8	6.5		SO:0001217, UniRef:UniRef50_A0A0H3C3H1, UniRef:UniRef90_A0A0H3C3H1
CP094573.1	17258	17437	-	FMBKCJ_019748	6.8	6.2		RefSeq:WP_374108625.1, SO:0001217, UniParc:UPI00017F4AD7, UniRef:UniRef100_UPI00017F4AD7, UniRef:UniRef50_UPI00017F4AD7, UniRef:UniRef90_UPI00017F4AD7
CP094573.1	25616	25792	+	FMBKCJ_019756	6.9	9.6		RefSeq:WP_010257051.1, SO:0001217, UniParc:UPI00016B2F6F, UniRef:UniRef100_A0A7U4DJ52, UniRef:UniRef50_A0A7X0DLS6, UniRef:UniRef90_A0A7U4DJ52
CP094573.1	26468	26773	+	FMBKCJ_019758	12.1	5.0		SO:0001217, UniRef:UniRef50_A0A806C6L0
CP094574.1	12684	13127	-	FMBKCJ_019770	16.6	6.7		RefSeq:WP_010256673.1, SO:0001217, UniParc:UPI000005685A, UniRef:UniRef100_O50737, UniRef:UniRef50_O50737, UniRef:UniRef90_O50737
CP094574.1	13532	13870	-	FMBKCJ_019772	13.2	4.7		RefSeq:WP_010259656.1, SO:0001217, UniParc:UPI000005685C, UniRef:UniRef100_O50739, UniRef:UniRef50_O50739, UniRef:UniRef90_O50739
CP094574.1	13883	14716	-	FMBKCJ_019773	31.4	6.4		RefSeq:WP_012672272.1, SO:0001217, UniParc:UPI00016C3984, UniRef:UniRef100_A0A7U3YB63, UniRef:UniRef50_O50740, UniRef:UniRef90_O50740
CP094574.1	18406	19185	-	FMBKCJ_019779	29.8	8.7		RefSeq:WP_012666168.1, SO:0001217, UniParc:UPI00016C3988, UniRef:UniRef100_A0A7U4DIR0, UniRef:UniRef90_A0A7U4DIR0
CP094574.1	23060	23431	-	FMBKCJ_019783	13.9	8.5		RefSeq:WP_012622701.1, SO:0001217, UniParc:UPI00016B3782, UniRef:UniRef100_A0A7U4DIU8, UniRef:UniRef50_O50749, UniRef:UniRef90_A0A1L8ZA88
CP094574.1	24116	24529	-	FMBKCJ_019785	16.1	9.3		RefSeq:WP_012622693.1, SO:0001217, UniParc:UPI00017F42BB, UniRef:UniRef100_A0A7U4DIU7, UniRef:UniRef50_O50751, UniRef:UniRef90_A0A1L8ZA81
CP094574.1	28341	28964	-	FMBKCJ_019790	24.0	9.8		RefSeq:WP_257736787.1, SO:0001217, UniParc:UPI00214FEE41, UniRef:UniRef100_A0A7U3YB70, UniRef:UniRef50_O50757, UniRef:UniRef90_G0APM7
CP094563.1	3973	4260	+	FMBKCJ_019796	11.1	5.3		SO:0001217, UniRef:UniRef50_G0ANT7, UniRef:UniRef90_G0ANT7
CP094565.1	2406	2726	-	FMBKCJ_019879	12.0	6.1		SO:0001217, UniRef:UniRef50_A0A7U3YBB2
CP094565.1	15726	15917	-	FMBKCJ_019900	7.3	7.9		RefSeq:WP_012664971.1, SO:0001217, UniParc:UPI00017F3852, UniRef:UniRef100_UPI00017F3852, UniRef:UniRef50_UPI00017F3852, UniRef:UniRef90_UPI00017F3852
CP094566.1	11719	11826	+	FMBKCJ_019922	4.0	9.4		
CP094566.1	16475	16861	+	FMBKCJ_019932	15.1	5.7	PF02524.19|KID	PFAM:PF02524.19
CP094566.1	16827	17063	+	FMBKCJ_019933	8.9	9.0	PF02524.19|KID	PFAM:PF02524.19
CP094566.1	28594	28722	+	FMBKCJ_019947	4.9	10.2		
CP094568.1	27269	27796	+	FMBKCJ_020030	20.8	9.1		RefSeq:WP_012621486.1, SO:0001217, UniParc:UPI00016B2C5B, UniRef:UniRef100_A0A9N7ARY7, UniRef:UniRef90_A0A0H3C0R6
CP094568.1	27978	28544	+	FMBKCJ_020031	21.8	8.8		RefSeq:WP_010883850.1, SO:0001217, UniParc:UPI00000576EB, UniRef:UniRef100_Q9S073, UniRef:UniRef90_Q9S073
CP094575.1	3487	3603	-	FMBKCJ_020037	4.4	6.0		
CP094575.1	3939	4214	+	FMBKCJ_020038	10.7	6.1		RefSeq:WP_010258413.1, SO:0001217, UniParc:UPI00016B3647, UniRef:UniRef100_O50813, UniRef:UniRef50_O50813, UniRef:UniRef90_O50813
CP094575.1	15836	15940	+	FMBKCJ_020051	4.3	8.0		
CP094575.1	16448	16648	+	FMBKCJ_020052	7.9	4.5		SO:0001217, UniParc:UPI000191DE9E, UniRef:UniRef100_A0A7U4DIY2, UniRef:UniRef50_A0A7U4DIY2, UniRef:UniRef90_A0A7U4DIY2
CP094575.1	19390	19611	+	FMBKCJ_020054	8.9	9.5		SO:0001217, UniRef:UniRef50_O50837, UniRef:UniRef90_O50837
CP094575.1	25534	25743	-	FMBKCJ_020059	8.2	9.9		RefSeq:WP_012665943.1, SO:0001217, UniParc:UPI00017F3722, UniRef:UniRef100_UPI00017F3722, UniRef:UniRef50_UPI00017F3722, UniRef:UniRef90_UPI00017F3722
CP094575.1	27658	27975	+	FMBKCJ_020061	12.5	9.2		SO:0001217, UniRef:UniRef50_C0RBT4
CP094575.1	29775	29966	+	FMBKCJ_020064	6.9	4.8		
CP094576.1	4706	4975	+	FMBKCJ_020067	9.8	8.0		RefSeq:WP_042334626.1, SO:0001217, UniParc:UPI00017F352F, UniRef:UniRef100_UPI00017F352F, UniRef:UniRef50_UPI00017F352F, UniRef:UniRef90_UPI00017F352F
CP094576.1	5086	5391	+	FMBKCJ_020068	12.2	9.3		
CP094576.1	8982	9197	-	FMBKCJ_020072	8.1	9.5		RefSeq:WP_012665382.1, SO:0001217, UniParc:UPI00017F352A, UniRef:UniRef100_UPI00017F352A, UniRef:UniRef50_UPI001E48FFD7, UniRef:UniRef90_UPI001E48FFD7
CP094576.1	10088	10216	-	FMBKCJ_020073	4.9	10.2		
CP094576.1	11939	12529	-	FMBKCJ_020076	24.2	10.0		
CP094576.1	15296	15496	+	FMBKCJ_020078	8.3	9.9		
CP094576.1	23441	23767	+	FMBKCJ_020086	11.6	7.8		RefSeq:WP_223292504.1, SO:0001217, UniParc:UPI00017F3520, UniRef:UniRef100_UPI00017F3520, UniRef:UniRef50_UPI001E304FD4, UniRef:UniRef90_UPI001E304FD4
CP094576.1	28851	29171	-	FMBKCJ_020089	12.2	6.7		RefSeq:WP_012665383.1, SO:0001217, UniParc:UPI00017F351C, UniRef:UniRef100_UPI00017F351C, UniRef:UniRef50_UPI001E38D908, UniRef:UniRef90_UPI001FB14519
CP094576.1	34464	34727	-	FMBKCJ_020093	9.9	9.7		RefSeq:WP_010258789.1, SO:0001217, UniParc:UPI00017F3022, UniRef:UniRef100_UPI00017F3022, UniRef:UniRef50_B8F1S7, UniRef:UniRef90_UPI00017F3022
CP094576.1	38414	38587	-	FMBKCJ_020098	6.5	10.1		RefSeq:WP_012665380.1, SO:0001217, UniParc:UPI00017F3511, UniRef:UniRef100_UPI00017F3511, UniRef:UniRef50_UPI001304CA02, UniRef:UniRef90_UPI001304CA02
CP094577.1	15090	15248	+	FMBKCJ_020117	6.1	10.2		RefSeq:WP_012665572.1, SO:0001217, UniParc:UPI00016C39BB, UniRef:UniRef100_UPI00016C39BB, UniRef:UniRef50_C0RC30, UniRef:UniRef90_A0A9N7G314
CP094577.1	18079	18672	+	FMBKCJ_020121	22.7	9.1		RefSeq:WP_012622796.1, SO:0001217, UniParc:UPI00016B38CF, UniRef:UniRef100_A0A9N7AM77, UniRef:UniRef50_O50923, UniRef:UniRef90_O50923
CP094577.1	32856	34253	+	FMBKCJ_020140	52.8	6.5		RefSeq:WP_096890892.1, SO:0001217, UniParc:UPI000BC31E02, UniRef:UniRef100_UPI000BC31E02, UniRef:UniRef50_Q0SLV8, UniRef:UniRef90_A0A806CL76
CP094578.1	1056	1409	+	FMBKCJ_020164	14.2	9.4	PF18135.7|Type_ISP_C	PFAM:PF18135.7
CP094578.1	10031	10474	-	FMBKCJ_020172	16.6	6.7		RefSeq:WP_010256673.1, SO:0001217, UniParc:UPI000005685A, UniRef:UniRef100_O50737, UniRef:UniRef50_O50737, UniRef:UniRef90_O50737
CP094578.1	10879	11217	-	FMBKCJ_020174	13.2	4.7		RefSeq:WP_010259656.1, SO:0001217, UniParc:UPI000005685C, UniRef:UniRef100_O50739, UniRef:UniRef50_O50739, UniRef:UniRef90_O50739
CP094578.1	11230	12063	-	FMBKCJ_020175	31.4	6.2		RefSeq:WP_012666143.1, SO:0001217, UniParc:UPI00017F3732, UniRef:UniRef100_UPI00017F3732, UniRef:UniRef50_O50740, UniRef:UniRef90_O50740
CP094578.1	15754	16533	-	FMBKCJ_020181	29.8	8.7		RefSeq:WP_012666168.1, SO:0001217, UniParc:UPI00016C3988, UniRef:UniRef100_A0A7U4DIR0, UniRef:UniRef90_A0A7U4DIR0
CP094578.1	20365	20739	-	FMBKCJ_020185	14.0	5.6		RefSeq:WP_012666144.1, SO:0001217, UniParc:UPI00017F3739, UniRef:UniRef100_UPI00017F3739, UniRef:UniRef50_O50749, UniRef:UniRef90_O50749
CP094578.1	21428	21802	-	FMBKCJ_020187	14.3	9.2		RefSeq:WP_010259364.1, SO:0001217, UniParc:UPI00017F34D2, UniRef:UniRef100_UPI00017F34D2, UniRef:UniRef50_O50751, UniRef:UniRef90_O50751
CP094578.1	26458	27231	-	FMBKCJ_020193	29.4	9.8		SO:0001217, UniRef:UniRef50_O50757, UniRef:UniRef90_O50757
CP017201.2	309	677	+	FMBKCJ_020194	14.4	5.7		SO:0001217, UniRef:UniRef50_A0A1L8ZDT6, UniRef:UniRef90_UPI0002DD5E2F
CP017201.2	157508	157942	+	FMBKCJ_020345	16.9	10.1		RefSeq:WP_002556754.1, SO:0001217, UniParc:UPI00016B2B02, UniRef:UniRef100_A0A0H3C1D3, UniRef:UniRef50_O51178, UniRef:UniRef90_O51178
CP017201.2	162759	162926	+	FMBKCJ_020351	6.3	10.4		RefSeq:WP_002657037.1, SO:0001217, UniParc:UPI000005738D, UniRef:UniRef100_O51184, UniRef:UniRef50_O51184, UniRef:UniRef90_O51184
CP017201.2	272691	273704	-	FMBKCJ_020452	39.1	4.3		RefSeq:WP_002663185.1, SO:0001217, UniParc:UPI00017F3288, UniRef:UniRef100_UPI00017F3288, UniRef:UniRef50_A0A7I6GVW7, UniRef:UniRef90_O51275
CP017201.2	365709	366302	-	FMBKCJ_020544	23.5	9.8		RefSeq:WP_002660620.1, SO:0001217, UniParc:UPI00016C4A9F, UniRef:UniRef100_A0A7U8I753, UniRef:UniRef50_Q0SNF6, UniRef:UniRef90_Q0SNF6
CP017201.2	368522	368947	+	FMBKCJ_020547	16.4	9.7		RefSeq:WP_002663269.1, SO:0001217, UniParc:UPI0001956A4C, UniRef:UniRef100_UPI0001956A4C, UniRef:UniRef50_O51335, UniRef:UniRef90_O51335
CP017201.2	416757	417173	+	FMBKCJ_020592	16.3	10.5		RefSeq:WP_002661094.1, SO:0001217, UniParc:UPI00016C516C, UniRef:UniRef100_UPI00016C516C, UniRef:UniRef50_B9X884, UniRef:UniRef90_O51365
CP017201.2	644797	645165	+	FMBKCJ_020813	14.6	5.3		RefSeq:WP_002557204.1, SO:0001217, UniParc:UPI000005754F, UniRef:UniRef100_O51562, UniRef:UniRef50_O51562, UniRef:UniRef90_O51562
CP017201.2	653905	654867	+	FMBKCJ_020821	37.3	8.9		RefSeq:WP_002557211.1, SO:0001217, UniParc:UPI0000057556, UniRef:UniRef100_O51569, UniRef:UniRef50_G0AM65, UniRef:UniRef90_G0AM65
CP017201.2	662621	662935	-	FMBKCJ_020828	11.3	8.7		RefSeq:WP_002656819.1, SO:0001217, UniParc:UPI00016B2F7F, UniRef:UniRef100_UPI00016B2F7F, UniRef:UniRef50_O51576, UniRef:UniRef90_O51576
CP017201.2	739152	739691	+	FMBKCJ_020898	21.1	9.9		RefSeq:WP_002656268.1, SO:0001217, UniParc:UPI00000575A2, UniRef:UniRef100_O51644, UniRef:UniRef50_D6RW52, UniRef:UniRef90_O51644
CP017201.2	792380	793654	+	FMBKCJ_020949	48.6	4.5		RefSeq:WP_002660480.1, SO:0001217, UniParc:UPI00016C439D, UniRef:UniRef100_A0A7U8F020, UniRef:UniRef50_O51690, UniRef:UniRef90_O51690
CP017201.2	814925	815359	-	FMBKCJ_020973	17.6	9.3		RefSeq:WP_002557361.1, SO:0001217, UniParc:UPI00000575E7, UniRef:UniRef100_O51714, UniRef:UniRef50_O51714, UniRef:UniRef90_O51714
CP017203.1	27268	27795	+	FMBKCJ_021108	20.8	9.1		RefSeq:WP_012621486.1, SO:0001217, UniParc:UPI00016B2C5B, UniRef:UniRef100_A0A9N7ARY7, UniRef:UniRef90_A0A0H3C0R6
CP017203.1	27977	28543	+	FMBKCJ_021109	21.8	8.8		RefSeq:WP_010883850.1, SO:0001217, UniParc:UPI00000576EB, UniRef:UniRef100_Q9S073, UniRef:UniRef90_Q9S073
CP017207.1	2406	2726	-	FMBKCJ_021239	12.0	6.1		SO:0001217, UniRef:UniRef50_A0A7U3YBB2
CP017207.1	15725	15916	-	FMBKCJ_021260	7.3	7.9		RefSeq:WP_012664971.1, SO:0001217, UniParc:UPI00017F3852, UniRef:UniRef100_UPI00017F3852, UniRef:UniRef50_UPI00017F3852, UniRef:UniRef90_UPI00017F3852
CP017208.1	3	239	+	FMBKCJ_021265	9.1	9.3		
CP017208.1	11718	11825	+	FMBKCJ_021283	4.0	9.4		
CP017208.1	28592	28720	+	FMBKCJ_021307	4.9	10.2		
CP017210.1	5890	6054	-	FMBKCJ_021358	6.3	8.6		
CP017211.1	3594	4277	+	FMBKCJ_021362	26.7	9.4		RefSeq:WP_012622432.1, SO:0001217, UniParc:UPI00016B27D7, UniRef:UniRef100_A0A9N7B4Y8, UniRef:UniRef50_C0R8X6, UniRef:UniRef90_A0A5J6WFZ6
CP017212.1	7967	8092	-	FMBKCJ_021374	4.8	10.6		RefSeq:WP_012614988.1, SO:0001217, UniParc:UPI00016B3107, UniRef:UniRef100_A0A0H3C131, UniRef:UniRef50_A0A0H3C131, UniRef:UniRef90_A0A0H3C131
CP017212.1	8096	8218	-	FMBKCJ_021375	4.8	9.9		SO:0001217, UniRef:UniRef50_A0A0H3C0J1, UniRef:UniRef90_A0A0H3C0J1
CP017212.1	18587	18733	+	FMBKCJ_021384	5.9	9.6		
CP017212.1	19314	19424	+	FMBKCJ_021385	4.4	9.7		
CP017212.1	20318	20461	+	FMBKCJ_021386	5.4	4.4		SO:0001217, UniRef:UniRef50_A0A7W9ZC39, UniRef:UniRef90_UPI00017F3D76
CP017212.1	23853	24035	-	FMBKCJ_021388	7.3	9.4		SO:0001217, UniRef:UniRef50_O50664, UniRef:UniRef90_UPI00017F2CB8
CP017213.1	12610	12729	-	FMBKCJ_021393	4.4	4.9		SO:0001217, UniRef:UniRef50_A0A0H3C151, UniRef:UniRef90_A0A0H3C151
CP017214.1	1431	1622	+	FMBKCJ_021405	7.8	6.6		RefSeq:WP_012622447.1, SO:0001217, UniParc:UPI00016B34DB, UniRef:UniRef100_A0A7U4DIT2, UniRef:UniRef50_A0A7U4DIT2, UniRef:UniRef90_A0A7U4DIT2
CP017214.1	4503	4601	+	FMBKCJ_021408	4.0	9.7		
CP017214.1	4594	4881	+	FMBKCJ_021409	11.2	10.0		RefSeq:WP_012622462.1, SO:0001217, UniParc:UPI00016B34D8, UniRef:UniRef100_A0A7U4DIN4, UniRef:UniRef50_A0A7U4DIN4, UniRef:UniRef90_A0A7U4DIN4
CP017214.1	21923	22060	+	FMBKCJ_021419	5.4	8.0		
CP017214.1	22142	22906	-	FMBKCJ_021420	29.2	9.9		RefSeq:WP_096890872.1, SO:0001217, UniParc:UPI000BC334A2, UniRef:UniRef100_UPI000BC334A2, UniRef:UniRef50_O50757, UniRef:UniRef90_O50757
CP017215.2	12682	13125	-	FMBKCJ_021431	16.6	6.7		RefSeq:WP_010256673.1, SO:0001217, UniParc:UPI000005685A, UniRef:UniRef100_O50737, UniRef:UniRef50_O50737, UniRef:UniRef90_O50737
CP017215.2	13530	13868	-	FMBKCJ_021433	13.2	4.7		RefSeq:WP_010259656.1, SO:0001217, UniParc:UPI000005685C, UniRef:UniRef100_O50739, UniRef:UniRef50_O50739, UniRef:UniRef90_O50739
CP017215.2	13881	14714	-	FMBKCJ_021434	31.4	6.4		RefSeq:WP_012672272.1, SO:0001217, UniParc:UPI00016C3984, UniRef:UniRef100_A0A7U3YB63, UniRef:UniRef50_O50740, UniRef:UniRef90_O50740
CP017215.2	18404	19183	-	FMBKCJ_021440	29.8	8.7		RefSeq:WP_012666168.1, SO:0001217, UniParc:UPI00016C3988, UniRef:UniRef100_A0A7U4DIR0, UniRef:UniRef90_A0A7U4DIR0
CP017215.2	23058	23429	-	FMBKCJ_021444	13.9	8.5		RefSeq:WP_012622701.1, SO:0001217, UniParc:UPI00016B3782, UniRef:UniRef100_A0A7U4DIU8, UniRef:UniRef50_O50749, UniRef:UniRef90_A0A1L8ZA88
CP017215.2	24114	24527	-	FMBKCJ_021446	16.1	9.3		RefSeq:WP_012622693.1, SO:0001217, UniParc:UPI00017F42BB, UniRef:UniRef100_A0A7U4DIU7, UniRef:UniRef50_O50751, UniRef:UniRef90_A0A1L8ZA81
CP017215.2	28339	29103	-	FMBKCJ_021451	29.7	9.8		RefSeq:WP_012622699.1, SO:0001217, UniParc:UPI00016B322F, UniRef:UniRef100_A0A7U3YB70, UniRef:UniRef50_O50757, UniRef:UniRef90_G0APM7
CP017216.1	3593	3709	-	FMBKCJ_021456	4.4	6.0		
CP017216.1	4045	4320	+	FMBKCJ_021457	10.7	6.1		RefSeq:WP_010258413.1, SO:0001217, UniParc:UPI00016B3647, UniRef:UniRef100_O50813, UniRef:UniRef50_O50813, UniRef:UniRef90_O50813
CP017216.1	15942	16046	+	FMBKCJ_021470	4.3	8.0		
CP017216.1	16554	16754	+	FMBKCJ_021471	7.9	4.5		SO:0001217, UniParc:UPI000191DE9E, UniRef:UniRef100_A0A7U4DIY2, UniRef:UniRef50_A0A7U4DIY2, UniRef:UniRef90_A0A7U4DIY2
CP017216.1	19496	19717	+	FMBKCJ_021473	8.9	9.5		SO:0001217, UniRef:UniRef50_O50837, UniRef:UniRef90_O50837
CP017216.1	25640	25849	-	FMBKCJ_021478	8.2	9.9		RefSeq:WP_012665943.1, SO:0001217, UniParc:UPI00017F3722, UniRef:UniRef100_UPI00017F3722, UniRef:UniRef50_UPI00017F3722, UniRef:UniRef90_UPI00017F3722
CP017216.1	27764	28081	+	FMBKCJ_021480	12.5	9.2		SO:0001217, UniRef:UniRef50_C0RBT4
CP017217.1	4703	4972	+	FMBKCJ_021485	9.8	8.0		RefSeq:WP_042334626.1, SO:0001217, UniParc:UPI00017F352F, UniRef:UniRef100_UPI00017F352F, UniRef:UniRef50_UPI00017F352F, UniRef:UniRef90_UPI00017F352F
CP017217.1	5083	5388	+	FMBKCJ_021486	12.2	9.3		
CP017217.1	8945	9160	-	FMBKCJ_021490	8.1	9.5		RefSeq:WP_012665382.1, SO:0001217, UniParc:UPI00017F352A, UniRef:UniRef100_UPI00017F352A, UniRef:UniRef50_UPI001E48FFD7, UniRef:UniRef90_UPI001E48FFD7
CP017217.1	10051	10179	-	FMBKCJ_021491	4.9	10.2		
CP017217.1	11951	12541	-	FMBKCJ_021494	24.2	10.0		
CP017217.1	15308	15508	+	FMBKCJ_021496	8.3	9.9		
CP017217.1	23453	23779	+	FMBKCJ_021504	11.6	7.8		RefSeq:WP_223292504.1, SO:0001217, UniParc:UPI00017F3520, UniRef:UniRef100_UPI00017F3520, UniRef:UniRef50_UPI001E304FD4, UniRef:UniRef90_UPI001E304FD4
CP017217.1	28863	29183	-	FMBKCJ_021507	12.2	6.7		SO:0001217, UniRef:UniRef50_UPI001E38D908, UniRef:UniRef90_UPI001FB14519
CP017217.1	34476	34739	-	FMBKCJ_021511	9.9	9.7		RefSeq:WP_010258789.1, SO:0001217, UniParc:UPI00017F3022, UniRef:UniRef100_UPI00017F3022, UniRef:UniRef50_B8F1S7, UniRef:UniRef90_UPI00017F3022
CP017217.1	38424	38597	-	FMBKCJ_021516	6.5	10.1		RefSeq:WP_012665380.1, SO:0001217, UniParc:UPI00017F3511, UniRef:UniRef100_UPI00017F3511, UniRef:UniRef50_UPI001304CA02, UniRef:UniRef90_UPI001304CA02
CP017218.1	19429	20826	-	FMBKCJ_021539	52.8	6.5		RefSeq:WP_096890892.1, SO:0001217, UniParc:UPI000BC31E02, UniRef:UniRef100_UPI000BC31E02, UniRef:UniRef50_Q0SLV8, UniRef:UniRef90_A0A806CL76
CP017218.1	35010	35603	-	FMBKCJ_021558	22.7	9.1		RefSeq:WP_012622796.1, SO:0001217, UniParc:UPI00016B38CF, UniRef:UniRef100_A0A9N7AM77, UniRef:UniRef50_O50923, UniRef:UniRef90_O50923
CP017218.1	38434	38592	-	FMBKCJ_021562	6.1	10.2		RefSeq:WP_012665572.1, SO:0001217, UniParc:UPI00016C39BB, UniRef:UniRef100_UPI00016C39BB, UniRef:UniRef50_C0RC30, UniRef:UniRef90_A0A9N7G314
CP017219.1	1317	1670	+	FMBKCJ_021582	14.2	9.4	PF18135.7|Type_ISP_C	PFAM:PF18135.7
CP017219.1	10292	10735	-	FMBKCJ_021590	16.6	6.7		RefSeq:WP_010256673.1, SO:0001217, UniParc:UPI000005685A, UniRef:UniRef100_O50737, UniRef:UniRef50_O50737, UniRef:UniRef90_O50737
CP017219.1	11140	11478	-	FMBKCJ_021592	13.2	4.7		RefSeq:WP_010259656.1, SO:0001217, UniParc:UPI000005685C, UniRef:UniRef100_O50739, UniRef:UniRef50_O50739, UniRef:UniRef90_O50739
CP017219.1	11491	12324	-	FMBKCJ_021593	31.4	6.2		RefSeq:WP_012666143.1, SO:0001217, UniParc:UPI00017F3732, UniRef:UniRef100_UPI00017F3732, UniRef:UniRef50_O50740, UniRef:UniRef90_O50740
CP017219.1	16015	16794	-	FMBKCJ_021599	29.8	8.7		RefSeq:WP_012666168.1, SO:0001217, UniParc:UPI00016C3988, UniRef:UniRef100_A0A7U4DIR0, UniRef:UniRef90_A0A7U4DIR0
CP017219.1	20626	21000	-	FMBKCJ_021603	14.0	5.6		RefSeq:WP_012666144.1, SO:0001217, UniParc:UPI00017F3739, UniRef:UniRef100_UPI00017F3739, UniRef:UniRef50_O50749, UniRef:UniRef90_O50749
CP017219.1	21689	22063	-	FMBKCJ_021605	14.3	9.2		RefSeq:WP_010259364.1, SO:0001217, UniParc:UPI00017F34D2, UniRef:UniRef100_UPI00017F34D2, UniRef:UniRef50_O50751, UniRef:UniRef90_O50751
CP017219.1	26719	27483	-	FMBKCJ_021611	29.1	9.8		RefSeq:WP_012666163.1, SO:0001217, UniParc:UPI000195DFDA, UniRef:UniRef100_UPI000195DFDA, UniRef:UniRef50_O50757, UniRef:UniRef90_O50757
CP001261.1	3	281	+	FMBKCJ_021638	10.7	9.2		
CP001261.1	256	423	+	FMBKCJ_021639	6.6	8.0		
CP001266.1	16506	16727	-	FMBKCJ_021724	7.9	9.3		
CP001264.1	27656	28183	+	FMBKCJ_021781	20.8	9.1		RefSeq:WP_012621486.1, SO:0001217, UniParc:UPI00016B2C5B, UniRef:UniRef100_A0A9N7ARY7, UniRef:UniRef90_A0A0H3C0R6
CP001264.1	28365	28931	+	FMBKCJ_021782	21.8	8.8		RefSeq:WP_010883850.1, SO:0001217, UniParc:UPI00000576EB, UniRef:UniRef100_Q9S073, UniRef:UniRef90_Q9S073
CP001268.1	18760	19233	+	FMBKCJ_021895	19.0	9.2		RefSeq:WP_012621301.1, SO:0001217, UniParc:UPI00016B3CEA, UniRef:UniRef100_A0A9N7AWA4, UniRef:UniRef50_A0AB34Z3Q4, UniRef:UniRef90_Q9X3P1
CP001258.1	10946	11629	-	FMBKCJ_021950	26.7	9.4		RefSeq:WP_012622432.1, SO:0001217, UniParc:UPI00016B27D7, UniRef:UniRef100_A0A9N7B4Y8, UniRef:UniRef50_C0R8X6, UniRef:UniRef90_A0A5J6WFZ6
CP001258.1	14074	14268	-	FMBKCJ_021951	7.2	4.4		
CP001258.1	17348	17707	+	FMBKCJ_021955	13.9	6.6		SO:0001217, UniRef:UniRef50_A0A806C3N4
CP001273.1	637	783	+	FMBKCJ_021973	5.9	9.4		SO:0001217, UniRef:UniRef50_UPI001E5069D0
CP001273.1	5621	5743	+	FMBKCJ_021975	4.6	6.1		
CP001273.1	6207	6356	-	FMBKCJ_021976	5.7	9.0		
CP001273.1	8418	8660	-	FMBKCJ_021977	9.4	10.1		RefSeq:WP_052307598.1, SO:0001217, UniParc:UPI00016B2F38, UniRef:UniRef100_UPI00016B2F38, UniRef:UniRef50_UPI00016B2F38, UniRef:UniRef90_UPI00016B2F38
CP001256.1	8367	8582	-	FMBKCJ_021996	8.3	5.3		
CP001256.1	13985	14104	-	FMBKCJ_021999	4.4	4.6		RefSeq:WP_012614965.1, SO:0001217, UniParc:UPI00016B2E1E, UniRef:UniRef100_A0A0H3C151, UniRef:UniRef50_A0A0H3C151, UniRef:UniRef90_A0A0H3C151
CP001272.1	167	931	+	FMBKCJ_022010	29.8	9.9		RefSeq:WP_012622391.1, SO:0001217, UniParc:UPI00016B2F44, UniRef:UniRef100_A0A7U4DJ44, UniRef:UniRef50_O50757, UniRef:UniRef90_G0APM7
CP001272.1	2235	2591	+	FMBKCJ_022013	14.3	9.6		RefSeq:WP_012615033.1, SO:0001217, UniParc:UPI00017F4968, UniRef:UniRef100_A0A7U3YBP9, UniRef:UniRef50_Q44728, UniRef:UniRef90_A0A7U3YBP9
CP001272.1	2798	2896	+	FMBKCJ_022014	3.6	8.5		
CP001272.1	5113	5352	+	FMBKCJ_022017	8.8	9.7		RefSeq:WP_012615028.1, SO:0001217, UniParc:UPI00016B2DFC, UniRef:UniRef100_A0A7U3YBR9, UniRef:UniRef50_A0A7U3YBR9, UniRef:UniRef90_A0A7U3YBR9
CP001272.1	23740	24576	-	FMBKCJ_022031	32.2	9.1	PF05714.16|PFam54_60	PFAM:PF05714.16, RefSeq:WP_012622389.1, SO:0001217, UniParc:UPI00016B2F6C, UniRef:UniRef100_A0A7U4DJ06, UniRef:UniRef90_Q66YX5
CP001272.1	27135	27311	+	FMBKCJ_022034	6.9	9.6		RefSeq:WP_010257051.1, SO:0001217, UniParc:UPI00016B2F6F, UniRef:UniRef100_A0A7U4DJ52, UniRef:UniRef50_A0A7X0DLS6, UniRef:UniRef90_A0A7U4DJ52
CP001274.1	183	947	+	FMBKCJ_022037	29.8	9.9		RefSeq:WP_012622455.1, SO:0001217, UniParc:UPI00016B3378, UniRef:UniRef100_A0A7U3YB08, UniRef:UniRef50_O50757, UniRef:UniRef90_G0APM7
CP001274.1	14358	14552	+	FMBKCJ_022047	7.7	8.4		RefSeq:WP_012622448.1, SO:0001217, UniParc:UPI00018A866E, UniRef:UniRef100_A0A7U3YAZ8, UniRef:UniRef50_A0A7U3YAZ8, UniRef:UniRef90_A0A7U3YAZ8
CP001274.1	22479	22766	-	FMBKCJ_022052	11.2	10.0		RefSeq:WP_012622462.1, SO:0001217, UniParc:UPI00016B34D8, UniRef:UniRef100_A0A7U4DIN4, UniRef:UniRef50_A0A7U4DIN4, UniRef:UniRef90_A0A7U4DIN4
CP001274.1	22759	22857	-	FMBKCJ_022053	4.0	9.7		
CP001274.1	25740	25931	-	FMBKCJ_022056	7.8	6.6		RefSeq:WP_012622447.1, SO:0001217, UniParc:UPI00016B34DB, UniRef:UniRef100_A0A7U4DIT2, UniRef:UniRef50_A0A7U4DIT2, UniRef:UniRef90_A0A7U4DIT2
CP001262.1	1247	1528	-	FMBKCJ_022059	10.7	4.8		RefSeq:WP_012622698.1, SO:0001217, UniParc:UPI00016B361D, UniRef:UniRef100_UPI00016B361D, UniRef:UniRef50_UPI0002D8FF4E, UniRef:UniRef90_UPI0002D8FF4E
CP001262.1	10062	10505	-	FMBKCJ_022067	16.6	6.7		RefSeq:WP_010256673.1, SO:0001217, UniParc:UPI000005685A, UniRef:UniRef100_O50737, UniRef:UniRef50_O50737, UniRef:UniRef90_O50737
CP001262.1	10910	11248	-	FMBKCJ_022069	13.1	5.0		RefSeq:WP_012622691.1, SO:0001217, UniParc:UPI00016B3624, UniRef:UniRef100_UPI00016B3624, UniRef:UniRef50_O50739, UniRef:UniRef90_O50739
CP001262.1	11261	12094	-	FMBKCJ_022070	31.4	6.3		RefSeq:WP_012622685.1, SO:0001217, UniParc:UPI00016B3625, UniRef:UniRef100_A0A9N7G4B9, UniRef:UniRef50_O50740, UniRef:UniRef90_O50740
CP001262.1	15784	16581	-	FMBKCJ_022076	30.5	9.0		
CP001262.1	20456	20827	-	FMBKCJ_022080	13.9	8.5		RefSeq:WP_012622701.1, SO:0001217, UniParc:UPI00016B3782, UniRef:UniRef100_A0A7U4DIU8, UniRef:UniRef50_O50749, UniRef:UniRef90_A0A1L8ZA88
CP001262.1	21512	21925	-	FMBKCJ_022082	16.1	9.3		RefSeq:WP_012622693.1, SO:0001217, UniParc:UPI00017F42BB, UniRef:UniRef100_A0A7U4DIU7, UniRef:UniRef50_O50751, UniRef:UniRef90_A0A1L8ZA81
CP001262.1	25754	26518	-	FMBKCJ_022087	29.7	9.8		RefSeq:WP_012622699.1, SO:0001217, UniParc:UPI00016B322F, UniRef:UniRef100_A0A7U3YB70, UniRef:UniRef50_O50757, UniRef:UniRef90_G0APM7
CP001260.1	3794	4069	+	FMBKCJ_022090	10.7	8.9		RefSeq:WP_012622654.1, SO:0001217, UniParc:UPI00016B3A30, UniRef:UniRef100_A0A9N7BD28, UniRef:UniRef50_O50813, UniRef:UniRef90_O50813
CP001260.1	17139	17360	+	FMBKCJ_022103	8.9	9.5		SO:0001217, UniParc:UPI00000568BF, UniRef:UniRef100_O50837, UniRef:UniRef50_O50837, UniRef:UniRef90_O50837
CP001260.1	19762	19908	+	FMBKCJ_022105	5.6	10.3		SO:0001217, UniRef:UniRef50_A0A7I6GXF4
CP001267.1	207	443	+	FMBKCJ_022110	9.1	8.0		
CP001267.1	17386	17520	+	FMBKCJ_022126	5.5	8.0		
CP001267.1	18845	19009	-	FMBKCJ_022130	6.4	9.5		RefSeq:WP_012622541.1, SO:0001217, UniParc:UPI00016B2DBB, UniRef:UniRef100_UPI00016B2DBB, UniRef:UniRef50_G0AP55, UniRef:UniRef90_UPI00016B2DBB
CP001267.1	23425	23700	-	FMBKCJ_022135	10.5	6.3		SO:0001217, UniParc:UPI00016B2DC2, UniRef:UniRef100_A0A7U3YBH5, UniRef:UniRef50_A0A7U3YBH5, UniRef:UniRef90_A0A7U3YBH5
CP001257.1	15171	15329	+	FMBKCJ_022155	6.1	10.2		RefSeq:WP_012666186.1, SO:0001217, UniParc:UPI00016B38CC, UniRef:UniRef100_UPI00016B38CC, UniRef:UniRef50_C0RC30, UniRef:UniRef90_A0A9N7G314
CP001257.1	18173	18766	+	FMBKCJ_022159	22.7	9.1		RefSeq:WP_012622796.1, SO:0001217, UniParc:UPI00016B38CF, UniRef:UniRef100_A0A9N7AM77, UniRef:UniRef50_O50923, UniRef:UniRef90_O50923
CP001257.1	33008	34405	+	FMBKCJ_022178	52.8	6.5		RefSeq:WP_012622802.1, SO:0001217, UniParc:UPI000005692B, UniRef:UniRef100_A0A7U4DJ15, UniRef:UniRef50_Q0SLV8, UniRef:UniRef90_A0A806CL76
CP001498.1	18040	18489	-	FMBKCJ_022256	17.0	5.2		
CP001498.1	27835	28065	+	FMBKCJ_022269	9.1	8.5		SO:0001217, UniRef:UniRef50_A0A1L8Z9R0, UniRef:UniRef90_UPI001E40C969
CP001499.1	11807	11908	+	FMBKCJ_022374	3.6	4.7		
CP001501.1	1821	1928	+	FMBKCJ_022445	4.2	10.0		
CP001501.1	5878	6042	-	FMBKCJ_022451	6.3	8.6		
CP001497.1	150	560	-	FMBKCJ_022454	15.7	9.1		KEGG:K09797, SO:0001217, UniRef:UniRef50_A0A806C3N4, UniRef:UniRef90_A0A7U3YAV4
CP001497.1	3612	3830	+	FMBKCJ_022459	8.1	4.2		
CP001497.1	5925	6023	+	FMBKCJ_022460	3.9	9.1		
CP001497.1	6275	6958	+	FMBKCJ_022461	26.7	9.3		RefSeq:WP_010890251.1, SO:0001217, UniParc:UPI0000056973, UniRef:UniRef100_H7C7M9, UniRef:UniRef50_C0R8X6, UniRef:UniRef90_A0A5J6WFZ6
CP001502.1	14023	14142	-	FMBKCJ_022478	4.4	4.6		SO:0001217, UniRef:UniRef50_A0A0H3C151, UniRef:UniRef90_A0A0H3C151
CP001490.1	859	1215	+	FMBKCJ_022488	14.3	9.6		RefSeq:WP_012672402.1, SO:0001217, UniParc:UPI000198222F, UniRef:UniRef100_UPI000198222F, UniRef:UniRef50_Q44728, UniRef:UniRef90_A0A7U3YBP9
CP001490.1	1422	1520	+	FMBKCJ_022489	3.6	6.5		
CP001490.1	3737	3976	+	FMBKCJ_022492	8.8	9.7		RefSeq:WP_012615028.1, SO:0001217, UniParc:UPI00016B2DFC, UniRef:UniRef100_A0A7U3YBR9, UniRef:UniRef50_A0A7U3YBR9, UniRef:UniRef90_A0A7U3YBR9
CP001490.1	25647	25823	+	FMBKCJ_022510	6.9	9.6		RefSeq:WP_010257051.1, SO:0001217, UniParc:UPI00016B2F6F, UniRef:UniRef100_A0A7U4DJ52, UniRef:UniRef50_A0A7X0DLS6, UniRef:UniRef90_A0A7U4DJ52
CP001494.1	13738	13842	+	FMBKCJ_022528	4.3	8.0		
CP001494.1	14349	14549	+	FMBKCJ_022529	7.9	4.5		SO:0001217, UniParc:UPI000191DE9E, UniRef:UniRef100_A0A7U4DIY2, UniRef:UniRef50_A0A7U4DIY2, UniRef:UniRef90_A0A7U4DIY2
CP001494.1	17295	17516	+	FMBKCJ_022531	8.9	9.5		SO:0001217, UniParc:UPI00000568BF, UniRef:UniRef100_O50837, UniRef:UniRef50_O50837, UniRef:UniRef90_O50837
CP001494.1	17678	17851	+	FMBKCJ_022532	6.7	9.3		RefSeq:WP_012665886.1, SO:0001217, UniParc:UPI00016C4843, UniRef:UniRef100_A0A7U4DIW0, UniRef:UniRef50_O50838, UniRef:UniRef90_O50838
CP001494.1	27301	28059	-	FMBKCJ_022539	29.0	9.9		RefSeq:WP_012672549.1, SO:0001217, UniParc:UPI00016C4F59, UniRef:UniRef100_UPI00016C4F59, UniRef:UniRef50_O50757, UniRef:UniRef90_UPI00016C55D9
CP001500.1	15167	15325	+	FMBKCJ_022558	6.1	10.0		RefSeq:WP_012672530.1, SO:0001217, UniParc:UPI00016C3C60, UniRef:UniRef100_UPI00016C3C60, UniRef:UniRef50_C0RC30, UniRef:UniRef90_A0A9N7G314
CP001500.1	32933	34330	+	FMBKCJ_022581	52.7	6.5		RefSeq:WP_012672518.1, SO:0001217, UniParc:UPI00016C39EE, UniRef:UniRef100_UPI00016C39EE, UniRef:UniRef50_Q0SLV8, UniRef:UniRef90_A0A806CL76
CP001495.1	7489	7869	-	FMBKCJ_022613	14.3	6.1		RefSeq:WP_012672631.1, SO:0001217, UniParc:UPI000198218F, UniRef:UniRef100_UPI000198218F, UniRef:UniRef50_I0FF88, UniRef:UniRef90_UPI0000057758
CP001495.1	8238	8750	-	FMBKCJ_022614	19.4	8.8		RefSeq:WP_080592862.1, SO:0001217, UniParc:UPI00016C5603, UniRef:UniRef100_UPI00016C5603, UniRef:UniRef50_UPI001F349D59, UniRef:UniRef90_UPI0009F1771F
CP001495.1	9473	9604	-	FMBKCJ_022615	5.0	4.2		
CP001495.1	9630	9857	-	FMBKCJ_022616	8.6	8.7		RefSeq:WP_024705874.1, SO:0001217, UniParc:UPI000005775D, UniRef:UniRef100_UPI000005775D, UniRef:UniRef50_UPI001AEED6C8, UniRef:UniRef90_UPI001E5DCC1C
CP001495.1	14385	14654	+	FMBKCJ_022619	10.6	9.5		RefSeq:WP_012672645.1, SO:0001217, UniParc:UPI00016C583D, UniRef:UniRef100_UPI00016C583D, UniRef:UniRef50_UPI00016C583D, UniRef:UniRef90_UPI00016C583D
CP001495.1	20150	20332	-	FMBKCJ_022622	7.0	10.5		RefSeq:WP_012672647.1, SO:0001217, UniParc:UPI00016C5843, UniRef:UniRef100_UPI00016C5843, UniRef:UniRef50_UPI00016C5843, UniRef:UniRef90_UPI00016C5843
CP124088.1	1	276	+	FMBKCJ_022624	10.6	8.2		
CP124088.1	157222	157656	+	FMBKCJ_022775	16.9	10.1		RefSeq:WP_002556754.1, SO:0001217, UniParc:UPI00016B2B02, UniRef:UniRef100_A0A0H3C1D3, UniRef:UniRef50_O51178, UniRef:UniRef90_O51178
CP124088.1	162473	162640	+	FMBKCJ_022781	6.3	10.4		RefSeq:WP_002657037.1, SO:0001217, UniParc:UPI000005738D, UniRef:UniRef100_O51184, UniRef:UniRef50_O51184, UniRef:UniRef90_O51184
CP124088.1	272246	273259	-	FMBKCJ_022882	39.1	4.3		RefSeq:WP_002661829.1, SO:0001217, UniParc:UPI00016C43D1, UniRef:UniRef100_UPI00016C43D1, UniRef:UniRef50_A0A7I6GVW7, UniRef:UniRef90_O51275
CP124088.1	365255	365848	-	FMBKCJ_022974	23.5	9.8		RefSeq:WP_002665343.1, SO:0001217, UniParc:UPI00017F3E0D, UniRef:UniRef100_UPI00017F3E0D, UniRef:UniRef50_Q0SNF6, UniRef:UniRef90_Q0SNF6
CP124088.1	368068	368493	+	FMBKCJ_022977	16.5	9.7		RefSeq:WP_002665379.1, SO:0001217, UniParc:UPI0001948479, UniRef:UniRef100_UPI0001948479, UniRef:UniRef50_O51335, UniRef:UniRef90_O51335
CP124088.1	416301	416717	+	FMBKCJ_023022	16.3	10.4		RefSeq:WP_002556999.1, SO:0001217, UniParc:UPI000005747C, UniRef:UniRef100_O51365, UniRef:UniRef50_B9X884, UniRef:UniRef90_O51365
CP124088.1	644264	644632	+	FMBKCJ_023243	14.6	5.3		RefSeq:WP_002557204.1, SO:0001217, UniParc:UPI000005754F, UniRef:UniRef100_O51562, UniRef:UniRef50_O51562, UniRef:UniRef90_O51562
CP124088.1	653379	654341	+	FMBKCJ_023251	37.3	8.9		RefSeq:WP_002557211.1, SO:0001217, UniParc:UPI0000057556, UniRef:UniRef100_O51569, UniRef:UniRef50_G0AM65, UniRef:UniRef90_G0AM65
CP124088.1	662095	662409	-	FMBKCJ_023258	11.3	8.7		RefSeq:WP_002665784.1, SO:0001217, UniParc:UPI00017F45E1, UniRef:UniRef100_UPI00017F45E1, UniRef:UniRef50_O51576, UniRef:UniRef90_O51576
CP124088.1	738629	739168	+	FMBKCJ_023328	21.1	9.9		RefSeq:WP_002656268.1, SO:0001217, UniParc:UPI00000575A2, UniRef:UniRef100_O51644, UniRef:UniRef50_D6RW52, UniRef:UniRef90_O51644
CP124088.1	791837	793111	+	FMBKCJ_023379	48.6	4.5		RefSeq:WP_002665720.1, SO:0001217, UniParc:UPI00017F3CCF, UniRef:UniRef100_UPI00017F3CCF, UniRef:UniRef50_O51690, UniRef:UniRef90_O51690
CP124088.1	814364	814798	-	FMBKCJ_023403	17.6	9.3		RefSeq:WP_002557361.1, SO:0001217, UniParc:UPI00000575E7, UniRef:UniRef100_O51714, UniRef:UniRef50_O51714, UniRef:UniRef90_O51714
CP124086.1	1426	1530	-	FMBKCJ_023478	3.8	6.5		SO:0001217, UniRef:UniRef50_A0A0H3C3H1, UniRef:UniRef90_A0A0H3C3H1
CP124086.1	2026	2382	+	FMBKCJ_023479	14.3	9.4		RefSeq:WP_010883928.1, SO:0001217, UniParc:UPI000005696E, UniRef:UniRef100_Q44728, UniRef:UniRef50_Q44728, UniRef:UniRef90_Q44728
CP124086.1	3428	3664	+	FMBKCJ_023481	9.1	5.7	PF05714.16|PFam54_60	PFAM:PF05714.16, SO:0001217, UniRef:UniRef50_G5IXH9, UniRef:UniRef90_G5IXH9
CP124086.1	4901	5584	+	FMBKCJ_023482	26.7	9.4		RefSeq:WP_010258240.1, SO:0001217, UniParc:UPI00016B30E1, UniRef:UniRef100_A0A7U4DIN3, UniRef:UniRef50_C0R8X6, UniRef:UniRef90_A0A5J6WFZ6
CP124087.1	353	979	+	FMBKCJ_023517	23.2	9.7		
CP124087.1	14860	15018	+	FMBKCJ_023535	6.1	10.2		RefSeq:WP_012666186.1, SO:0001217, UniParc:UPI00016B38CC, UniRef:UniRef100_UPI00016B38CC, UniRef:UniRef50_C0RC30, UniRef:UniRef90_A0A9N7G314
CP124087.1	17849	18442	+	FMBKCJ_023539	22.7	9.1		RefSeq:WP_010258362.1, SO:0001217, UniParc:UPI00016B33CF, UniRef:UniRef100_A0A0H3C267, UniRef:UniRef50_O50923, UniRef:UniRef90_O50923
CP124087.1	32661	34058	+	FMBKCJ_023558	52.7	6.5		RefSeq:WP_012666173.1, SO:0001217, UniParc:UPI00017F3F58, UniRef:UniRef100_UPI00017F3F58, UniRef:UniRef50_Q0SLV8, UniRef:UniRef90_A0A806CL76
CP019767.1	144365	144553	-	FMBKCJ_023721	7.2	9.3		SO:0001217, UniRef:UniRef50_G0AKV4, UniRef:UniRef90_G0AKV4
CP019767.1	157626	158060	+	FMBKCJ_023732	16.9	10.1		RefSeq:WP_010889695.1, SO:0001217, UniParc:UPI0000057387, UniRef:UniRef100_O51178, UniRef:UniRef50_O51178, UniRef:UniRef90_O51178
CP019767.1	162877	163044	+	FMBKCJ_023738	6.3	10.4		RefSeq:WP_002657037.1, SO:0001217, UniParc:UPI000005738D, UniRef:UniRef100_O51184, UniRef:UniRef50_O51184, UniRef:UniRef90_O51184
CP019767.1	271823	272836	-	FMBKCJ_023839	39.1	4.3		RefSeq:WP_010889720.1, SO:0001217, UniParc:UPI00000573ED, UniRef:UniRef100_O51275, UniRef:UniRef50_A0A7I6GVW7, UniRef:UniRef90_O51275
CP019767.1	364833	365426	-	FMBKCJ_023931	23.5	9.8		RefSeq:WP_008882638.1, SO:0001217, UniParc:UPI00017F2A10, UniRef:UniRef100_A0A826GVI4, UniRef:UniRef50_Q0SNF6, UniRef:UniRef90_Q0SNF6
CP019767.1	367646	368071	+	FMBKCJ_023934	16.5	9.7		RefSeq:WP_010889734.1, SO:0001217, UniParc:UPI0000057451, UniRef:UniRef100_O51335, UniRef:UniRef50_O51335, UniRef:UniRef90_O51335
CP019767.1	415879	416295	+	FMBKCJ_023979	16.3	10.4		RefSeq:WP_002556999.1, SO:0001217, UniParc:UPI000005747C, UniRef:UniRef100_O51365, UniRef:UniRef50_B9X884, UniRef:UniRef90_O51365
CP019767.1	442955	443242	-	FMBKCJ_024002	11.3	9.9		RefSeq:WP_044283513.1, SO:0001217, UniParc:UPI00052A27E0, UniRef:UniRef100_UPI00052A27E0, UniRef:UniRef50_UPI0012FF1DCC, UniRef:UniRef90_UPI0012FF1DCC
CP019767.1	643958	644326	+	FMBKCJ_024201	14.6	5.3		RefSeq:WP_002557204.1, SO:0001217, UniParc:UPI000005754F, UniRef:UniRef100_O51562, UniRef:UniRef50_O51562, UniRef:UniRef90_O51562
CP019767.1	653073	654035	+	FMBKCJ_024209	37.3	8.9		RefSeq:WP_002557211.1, SO:0001217, UniParc:UPI0000057556, UniRef:UniRef100_O51569, UniRef:UniRef50_G0AM65, UniRef:UniRef90_G0AM65
CP019767.1	661789	662103	-	FMBKCJ_024216	11.3	8.7		RefSeq:WP_010889785.1, SO:0001217, UniParc:UPI000005755D, UniRef:UniRef100_O51576, UniRef:UniRef50_O51576, UniRef:UniRef90_O51576
CP019767.1	738329	738868	+	FMBKCJ_024286	21.1	9.9		RefSeq:WP_002656268.1, SO:0001217, UniParc:UPI00000575A2, UniRef:UniRef100_O51644, UniRef:UniRef50_D6RW52, UniRef:UniRef90_O51644
CP019767.1	791537	792811	+	FMBKCJ_024337	48.7	4.6		RefSeq:WP_010889815.1, SO:0001217, UniParc:UPI000233F626, UniRef:UniRef100_O51690, UniRef:UniRef50_O51690, UniRef:UniRef90_O51690
CP019767.1	814064	814498	-	FMBKCJ_024361	17.6	9.3		RefSeq:WP_002557361.1, SO:0001217, UniParc:UPI00000575E7, UniRef:UniRef100_O51714, UniRef:UniRef50_O51714, UniRef:UniRef90_O51714
CP019761.1	11083	11766	-	FMBKCJ_024442	26.7	9.3		RefSeq:WP_010890251.1, SO:0001217, UniParc:UPI0000056973, UniRef:UniRef100_H7C7M9, UniRef:UniRef50_C0R8X6, UniRef:UniRef90_A0A5J6WFZ6
CP019761.1	13003	13224	-	FMBKCJ_024443	8.6	5.7	PF05714.16|PFam54_60	PFAM:PF05714.16, RefSeq:WP_010258242.1, SO:0001217, UniParc:UPI00016B30E2, UniRef:UniRef100_G5IXH9, UniRef:UniRef50_G5IXH9, UniRef:UniRef90_G5IXH9
CP019761.1	15056	15412	-	FMBKCJ_024445	14.3	9.4		RefSeq:WP_010883928.1, SO:0001217, UniParc:UPI000005696E, UniRef:UniRef100_Q44728, UniRef:UniRef50_Q44728, UniRef:UniRef90_Q44728
CP019762.1	8877	9125	+	FMBKCJ_024478	9.6	9.9		RefSeq:WP_080745463.1, SO:0001217, UniParc:UPI000005699A, UniRef:UniRef100_UPI000005699A, UniRef:UniRef50_UPI000005699A, UniRef:UniRef90_UPI000005699A
CP019762.1	9467	9679	+	FMBKCJ_024479	8.4	6.2		RefSeq:WP_049755699.1, SO:0001217, UniParc:UPI00016B33E7, UniRef:UniRef100_UPI00016B33E7, UniRef:UniRef50_UPI001F2AD126, UniRef:UniRef90_UPI00016B33E7
CP019762.1	9679	9774	+	FMBKCJ_024480	3.9	9.8		
CP019762.1	10243	10359	+	FMBKCJ_024481	4.5	5.0		
CP019762.1	14275	14502	+	FMBKCJ_024486	8.7	8.5		RefSeq:WP_012665401.1, SO:0001217, UniParc:UPI0000056993, UniRef:UniRef100_UPI0000056993, UniRef:UniRef50_UPI0000056993, UniRef:UniRef90_UPI0000056993
CP019762.1	17719	17904	-	FMBKCJ_024490	7.5	5.7		SO:0001217, UniRef:UniRef50_O50837, UniRef:UniRef90_O50837
CP019762.1	19753	19872	+	FMBKCJ_024493	4.9	5.4		
CP019756.1	58217	58600	+	FMBKCJ_024579	14.5	4.3		
CP019758.1	18811	19227	-	FMBKCJ_024657	16.2	9.3		
CP019758.1	28066	28248	+	FMBKCJ_024668	6.9	7.9		RefSeq:WP_012664891.1, SO:0001217, UniParc:UPI000005767B, UniRef:UniRef100_UPI000005767B, UniRef:UniRef50_UPI00017F3BA8, UniRef:UniRef90_UPI00017F3BA8
CP019759.1	21975	22253	+	FMBKCJ_024705	10.7	4.5		
CP019760.1	3825	3953	+	FMBKCJ_024720	4.4	9.7		SO:0001217, UniRef:UniRef50_B9X9J8
CP019760.1	10283	10504	+	FMBKCJ_024733	8.6	10.0		
CP019760.1	25558	25779	-	FMBKCJ_024757	8.6	9.8		SO:0001217, UniRef:UniRef50_A0A1G4Q5U4
CP019760.1	28026	28544	+	FMBKCJ_024760	20.3	9.2		RefSeq:WP_012593060.1, SO:0001217, UniParc:UPI00017F48F3, UniRef:UniRef100_A0A0H3C438, UniRef:UniRef90_Q9S033
CP019763.1	4836	5030	-	FMBKCJ_024767	7.6	11.6		SO:0001217, UniRef:UniRef50_UPI00017F3800
CP019763.1	6309	6584	+	FMBKCJ_024769	10.7	6.1		RefSeq:WP_010258413.1, SO:0001217, UniParc:UPI00016B3647, UniRef:UniRef100_O50813, UniRef:UniRef50_O50813, UniRef:UniRef90_O50813
CP019763.1	18295	18399	+	FMBKCJ_024780	4.3	8.0		
CP019763.1	18907	19107	+	FMBKCJ_024781	7.8	4.6		SO:0001217, UniRef:UniRef50_A0A7U4DIY2, UniRef:UniRef90_A0A7U4DIY2
CP019763.1	21846	22067	+	FMBKCJ_024783	8.9	9.5		SO:0001217, UniParc:UPI00000568BF, UniRef:UniRef100_O50837, UniRef:UniRef50_O50837, UniRef:UniRef90_O50837
CP019763.1	22228	22401	+	FMBKCJ_024784	6.7	9.4		RefSeq:WP_010890345.1, SO:0001217, UniParc:UPI00000568C0, UniRef:UniRef100_O50838, UniRef:UniRef50_O50838, UniRef:UniRef90_O50838
CP019763.1	23007	23591	-	FMBKCJ_024785	22.1	5.3		RefSeq:WP_052403610.1, SO:0001217, UniParc:UPI0003233FA8, UniRef:UniRef100_UPI0003233FA8, UniRef:UniRef50_A0A0H3BZV3, UniRef:UniRef90_A0A0H3BZV3
CP019763.1	24227	24604	+	FMBKCJ_024787	13.9	5.6		RefSeq:WP_015899368.1, SO:0001217, UniParc:UPI00000568C3, UniRef:UniRef100_UPI00000568C3, UniRef:UniRef50_UPI00016B379E, UniRef:UniRef90_UPI00016B379E
CP019763.1	26519	26737	-	FMBKCJ_024790	8.3	5.0		RefSeq:WP_010890349.1, SO:0001217, UniParc:UPI00000568C6, UniRef:UniRef100_O50844, UniRef:UniRef50_O50844, UniRef:UniRef90_O50844
CP019764.1	8870	9145	-	FMBKCJ_024805	10.4	9.9		RefSeq:WP_367608024.1, SO:0001217, UniParc:UPI0002F1680F, UniRef:UniRef100_UPI0002F1680F, UniRef:UniRef50_O50768, UniRef:UniRef90_O50768
CP019764.1	10033	10161	-	FMBKCJ_024806	4.9	10.2		
CP019764.1	34378	34674	-	FMBKCJ_024824	11.1	9.9		RefSeq:WP_010257615.1, SO:0001217, UniParc:UPI000005689B, UniRef:UniRef100_O50801, UniRef:UniRef50_O50801, UniRef:UniRef90_O50801
CP019764.1	37421	37639	-	FMBKCJ_024828	7.7	9.5		
CP019764.1	38355	38528	-	FMBKCJ_024830	6.5	10.1		RefSeq:WP_157658503.1, SO:0001217, UniParc:UPI000301E9DF, UniRef:UniRef100_UPI000301E9DF, UniRef:UniRef50_UPI001304CA02, UniRef:UniRef90_UPI001304CA02
CP019765.1	15148	15306	+	FMBKCJ_024849	6.1	10.2		RefSeq:WP_010259080.1, SO:0001217, UniParc:UPI0000056910, UniRef:UniRef100_UPI0000056910, UniRef:UniRef50_C0RC30, UniRef:UniRef90_A0A9N7G314
CP019765.1	18128	18721	+	FMBKCJ_024853	22.7	9.1		RefSeq:WP_010890382.1, SO:0001217, UniParc:UPI0000056917, UniRef:UniRef100_O50923, UniRef:UniRef50_O50923, UniRef:UniRef90_O50923
CP019765.1	32969	34366	+	FMBKCJ_024872	52.8	6.5		RefSeq:WP_012622802.1, SO:0001217, UniParc:UPI000005692B, UniRef:UniRef100_A0A7U4DJ15, UniRef:UniRef50_Q0SLV8, UniRef:UniRef90_A0A806CL76
CP019766.1	2140	2334	-	FMBKCJ_024898	7.8	6.7		
CP019766.1	6316	6654	-	FMBKCJ_024904	13.6	9.7		
CP019766.1	31872	32438	+	FMBKCJ_024941	21.8	9.1		RefSeq:WP_010883937.1, SO:0001217, UniParc:UPI0000057752, UniRef:UniRef100_Q9RZY1, UniRef:UniRef90_Q9S073
CP019766.1	37796	38176	-	FMBKCJ_024948	14.3	6.7		RefSeq:WP_231013320.1, SO:0001217, UniParc:UPI0003F834B4, UniRef:UniRef100_UPI0000057758, UniRef:UniRef50_I0FF88, UniRef:UniRef90_UPI0000057758
CP019766.1	38545	39057	-	FMBKCJ_024949	19.4	8.8		RefSeq:WP_083013073.1, SO:0001217, UniParc:UPI0009F1771F, UniRef:UniRef100_UPI0009F1771F, UniRef:UniRef50_UPI001F349D59, UniRef:UniRef90_UPI0009F1771F
CP019766.1	39782	39913	-	FMBKCJ_024950	5.0	4.2		
CP019766.1	39939	40166	-	FMBKCJ_024951	8.6	8.7		RefSeq:WP_024705874.1, SO:0001217, UniParc:UPI000005775D, UniRef:UniRef100_UPI000005775D, UniRef:UniRef50_UPI001AEED6C8, UniRef:UniRef90_UPI001E5DCC1C
CP019766.1	44694	44963	+	FMBKCJ_024954	10.6	9.5		RefSeq:WP_012672645.1, SO:0001217, UniParc:UPI00016C583D, UniRef:UniRef100_UPI00016C583D, UniRef:UniRef50_UPI00016C583D, UniRef:UniRef90_UPI00016C583D
CP019766.1	51152	51508	-	FMBKCJ_024957	14.3	9.4		RefSeq:WP_010883928.1, SO:0001217, UniParc:UPI000005696E, UniRef:UniRef100_Q44728, UniRef:UniRef50_Q44728, UniRef:UniRef90_Q44728
CP124104.1	307	675	+	FMBKCJ_024959	14.4	5.7		SO:0001217, UniRef:UniRef50_A0A1L8ZDT6, UniRef:UniRef90_UPI0002DD5E2F
CP124104.1	144356	144544	-	FMBKCJ_025098	7.3	9.5		SO:0001217, UniParc:UPI00018847F9, UniRef:UniRef100_A0A0H3C4A0, UniRef:UniRef50_G0AKV4, UniRef:UniRef90_G0AKV4
CP124104.1	157616	158050	+	FMBKCJ_025109	16.9	10.1		RefSeq:WP_002556754.1, SO:0001217, UniParc:UPI00016B2B02, UniRef:UniRef100_A0A0H3C1D3, UniRef:UniRef50_O51178, UniRef:UniRef90_O51178
CP124104.1	162867	163034	+	FMBKCJ_025115	6.3	10.4		RefSeq:WP_002657037.1, SO:0001217, UniParc:UPI000005738D, UniRef:UniRef100_O51184, UniRef:UniRef50_O51184, UniRef:UniRef90_O51184
CP124104.1	272623	273639	-	FMBKCJ_025216	39.3	4.2		RefSeq:WP_002657701.1, SO:0001217, UniParc:UPI00016B338F, UniRef:UniRef100_UPI00016B338F, UniRef:UniRef50_A0A7I6GVW7, UniRef:UniRef90_O51275
CP124104.1	365613	366206	-	FMBKCJ_025308	23.5	9.8		RefSeq:WP_002656114.1, SO:0001217, UniParc:UPI00016B2B2A, UniRef:UniRef100_A0A0H3C4F8, UniRef:UniRef50_Q0SNF6, UniRef:UniRef90_Q0SNF6
CP124104.1	368426	368851	+	FMBKCJ_025311	16.5	9.7		RefSeq:WP_010889734.1, SO:0001217, UniParc:UPI0000057451, UniRef:UniRef100_O51335, UniRef:UniRef50_O51335, UniRef:UniRef90_O51335
CP124104.1	416661	417077	+	FMBKCJ_025356	16.3	10.4		RefSeq:WP_002556999.1, SO:0001217, UniParc:UPI000005747C, UniRef:UniRef100_O51365, UniRef:UniRef50_B9X884, UniRef:UniRef90_O51365
CP124104.1	644682	645050	+	FMBKCJ_025577	14.6	5.3		RefSeq:WP_002557204.1, SO:0001217, UniParc:UPI000005754F, UniRef:UniRef100_O51562, UniRef:UniRef50_O51562, UniRef:UniRef90_O51562
CP124104.1	653796	654758	+	FMBKCJ_025585	37.3	8.9		RefSeq:WP_002557211.1, SO:0001217, UniParc:UPI0000057556, UniRef:UniRef100_O51569, UniRef:UniRef50_G0AM65, UniRef:UniRef90_G0AM65
CP124104.1	662512	662826	-	FMBKCJ_025592	11.3	8.7		RefSeq:WP_002656819.1, SO:0001217, UniParc:UPI00016B2F7F, UniRef:UniRef100_UPI00016B2F7F, UniRef:UniRef50_O51576, UniRef:UniRef90_O51576
CP124104.1	739043	739582	+	FMBKCJ_025662	21.1	9.9		RefSeq:WP_002656268.1, SO:0001217, UniParc:UPI00000575A2, UniRef:UniRef100_O51644, UniRef:UniRef50_D6RW52, UniRef:UniRef90_O51644
CP124104.1	792232	793506	+	FMBKCJ_025713	48.6	4.5		RefSeq:WP_002657506.1, SO:0001217, UniParc:UPI00016B27E7, UniRef:UniRef100_UPI00016B27E7, UniRef:UniRef50_O51690, UniRef:UniRef90_O51690
CP124104.1	814759	815193	-	FMBKCJ_025737	17.6	9.3		RefSeq:WP_002557361.1, SO:0001217, UniParc:UPI00000575E7, UniRef:UniRef100_O51714, UniRef:UniRef50_O51714, UniRef:UniRef90_O51714
CP124102.1	1426	1530	-	FMBKCJ_025812	3.8	6.5		SO:0001217, UniRef:UniRef50_A0A0H3C3H1, UniRef:UniRef90_A0A0H3C3H1
CP124102.1	2026	2382	+	FMBKCJ_025813	14.3	9.4		RefSeq:WP_010883928.1, SO:0001217, UniParc:UPI000005696E, UniRef:UniRef100_Q44728, UniRef:UniRef50_Q44728, UniRef:UniRef90_Q44728
CP124102.1	3761	4015	+	FMBKCJ_025814	10.5	9.8		
CP124102.1	4217	4438	+	FMBKCJ_025816	8.6	5.7	PF05714.16|PFam54_60	PFAM:PF05714.16, RefSeq:WP_010258242.1, SO:0001217, UniParc:UPI00016B30E2, UniRef:UniRef100_G5IXH9, UniRef:UniRef50_G5IXH9, UniRef:UniRef90_G5IXH9
CP124102.1	5675	6358	+	FMBKCJ_025817	26.7	9.4		RefSeq:WP_010258240.1, SO:0001217, UniParc:UPI00016B30E1, UniRef:UniRef100_A0A7U4DIN3, UniRef:UniRef50_C0R8X6, UniRef:UniRef90_A0A5J6WFZ6
CP124103.1	15166	15324	+	FMBKCJ_025870	6.1	10.2		RefSeq:WP_010258339.1, SO:0001217, UniParc:UPI00016B339C, UniRef:UniRef100_A0A9N7G314, UniRef:UniRef50_C0RC30, UniRef:UniRef90_A0A9N7G314
CP124103.1	32933	34357	+	FMBKCJ_025893	53.8	6.0		RefSeq:WP_012686460.1, SO:0001217, UniParc:UPI00016B34EC, UniRef:UniRef100_UPI00016B34EC, UniRef:UniRef50_Q0SLV8, UniRef:UniRef90_A0A806CL76
CP002228.1	3	431	+	FMBKCJ_025916	16.8	6.1		SO:0001217, UniRef:UniRef50_A0A1L8ZDT6, UniRef:UniRef90_UPI0002DD5E2F
CP002228.1	157241	157675	+	FMBKCJ_026067	16.9	10.1		RefSeq:WP_014540597.1, SO:0001217, UniParc:UPI0001F23AB0, UniRef:UniRef100_UPI0001F23AB0, UniRef:UniRef50_O51178, UniRef:UniRef90_O51178
CP002228.1	162492	162659	+	FMBKCJ_026073	6.3	10.4		RefSeq:WP_002657037.1, SO:0001217, UniParc:UPI000005738D, UniRef:UniRef100_O51184, UniRef:UniRef50_O51184, UniRef:UniRef90_O51184
CP002228.1	271467	272471	-	FMBKCJ_026174	38.6	4.2		RefSeq:WP_014540635.1, SO:0001217, UniParc:UPI0001F2393F, UniRef:UniRef100_UPI0001F2393F, UniRef:UniRef50_A0A7I6GVW7, UniRef:UniRef90_O51275
CP002228.1	364467	365060	-	FMBKCJ_026266	23.5	9.8		RefSeq:WP_014540665.1, SO:0001217, UniParc:UPI0001F23988, UniRef:UniRef100_UPI0001F23988, UniRef:UniRef50_Q0SNF6, UniRef:UniRef90_Q0SNF6
CP002228.1	367280	367705	+	FMBKCJ_026269	16.6	9.7		RefSeq:WP_010253798.1, SO:0001217, UniParc:UPI00017F2A0D, UniRef:UniRef100_UPI00017F2A0D, UniRef:UniRef50_O51335, UniRef:UniRef90_O51335
CP002228.1	415513	415929	+	FMBKCJ_026314	16.3	10.4		RefSeq:WP_002556999.1, SO:0001217, UniParc:UPI000005747C, UniRef:UniRef100_O51365, UniRef:UniRef50_B9X884, UniRef:UniRef90_O51365
CP002228.1	643452	643820	+	FMBKCJ_026535	14.6	5.3		RefSeq:WP_002557204.1, SO:0001217, UniParc:UPI000005754F, UniRef:UniRef100_O51562, UniRef:UniRef50_O51562, UniRef:UniRef90_O51562
CP002228.1	652568	653530	+	FMBKCJ_026543	37.3	8.9		RefSeq:WP_010254473.1, SO:0001217, UniParc:UPI00017F32EF, UniRef:UniRef100_UPI00017F32EF, UniRef:UniRef50_G0AM65, UniRef:UniRef90_G0AM65
CP002228.1	661284	661598	-	FMBKCJ_026550	11.3	8.7		RefSeq:WP_002656819.1, SO:0001217, UniParc:UPI00016B2F7F, UniRef:UniRef100_UPI00016B2F7F, UniRef:UniRef50_O51576, UniRef:UniRef90_O51576
CP002228.1	737813	738352	+	FMBKCJ_026620	21.1	9.9		RefSeq:WP_002656268.1, SO:0001217, UniParc:UPI00000575A2, UniRef:UniRef100_O51644, UniRef:UniRef50_D6RW52, UniRef:UniRef90_O51644
CP002228.1	790981	792255	+	FMBKCJ_026671	48.5	4.5		RefSeq:WP_014540793.1, SO:0001217, UniParc:UPI0001F23AD0, UniRef:UniRef100_UPI0001F23AD0, UniRef:UniRef50_O51690, UniRef:UniRef90_O51690
CP002228.1	813511	813945	-	FMBKCJ_026695	17.6	9.3		RefSeq:WP_002557361.1, SO:0001217, UniParc:UPI00000575E7, UniRef:UniRef100_O51714, UniRef:UniRef50_O51714, UniRef:UniRef90_O51714
CP002227.1	6176	6625	+	FMBKCJ_026902	17.2	5.9		SO:0001217, UniRef:UniRef50_Q9S097
CP002227.1	27989	28129	+	FMBKCJ_026935	5.2	10.1		
CP002227.1	28174	28266	+	FMBKCJ_026936	3.6	8.8		
CP002229.1	15299	15826	+	FMBKCJ_026963	20.7	9.1		RefSeq:WP_010258620.1, SO:0001217, UniParc:UPI00016B2845, UniRef:UniRef100_A0A0H3C0R6, UniRef:UniRef90_A0A0H3C0R6
CP002242.1	3	248	+	FMBKCJ_026966	9.4	9.1		
CP002242.1	7645	7818	+	FMBKCJ_026979	6.4	4.4		
CP002242.1	28024	28146	+	FMBKCJ_027008	4.9	9.6		
CP002231.1	5888	6052	-	FMBKCJ_027020	6.3	8.6		
CP002241.1	7129	7350	+	FMBKCJ_027029	8.6	5.7	PF05714.16|PFam54_60	PFAM:PF05714.16, RefSeq:WP_010258242.1, SO:0001217, UniParc:UPI00016B30E2, UniRef:UniRef100_G5IXH9, UniRef:UniRef50_G5IXH9, UniRef:UniRef90_G5IXH9
CP002241.1	8585	9268	+	FMBKCJ_027030	26.7	9.4		RefSeq:WP_010258240.1, SO:0001217, UniParc:UPI00016B30E1, UniRef:UniRef100_A0A7U4DIN3, UniRef:UniRef50_C0R8X6, UniRef:UniRef90_A0A5J6WFZ6
CP002234.1	7961	8086	-	FMBKCJ_027042	4.8	10.6		SO:0001217, UniRef:UniRef50_A0A0H3C131, UniRef:UniRef90_A0A0H3C131
CP002234.1	8090	8212	-	FMBKCJ_027043	4.7	9.7		SO:0001217, UniRef:UniRef50_A0A0H3C0J1, UniRef:UniRef90_A0A0H3C0J1
CP002234.1	19317	19427	+	FMBKCJ_027052	4.4	9.7		
CP002234.1	20321	20464	+	FMBKCJ_027053	5.5	4.4		SO:0001217, UniRef:UniRef50_A0A7W9ZC39, UniRef:UniRef90_UPI00017F3D76
CP002234.1	23213	23392	-	FMBKCJ_027055	6.9	4.8		
CP002232.1	12446	12889	-	FMBKCJ_027067	16.6	6.7		RefSeq:WP_010256673.1, SO:0001217, UniParc:UPI000005685A, UniRef:UniRef100_O50737, UniRef:UniRef50_O50737, UniRef:UniRef90_O50737
CP002232.1	13294	13632	-	FMBKCJ_027069	13.2	4.7		RefSeq:WP_010259656.1, SO:0001217, UniParc:UPI000005685C, UniRef:UniRef100_O50739, UniRef:UniRef50_O50739, UniRef:UniRef90_O50739
CP002232.1	13645	14478	-	FMBKCJ_027070	31.4	6.2		RefSeq:WP_014540838.1, SO:0001217, UniParc:UPI0001F2392C, UniRef:UniRef100_UPI0001F2392C, UniRef:UniRef50_O50740, UniRef:UniRef90_O50740
CP002232.1	15466	15570	-	FMBKCJ_027073	4.0	4.6		
CP002232.1	16028	16621	-	FMBKCJ_027075	22.6	9.3		RefSeq:WP_233188499.1, SO:0001217, UniParc:UPI000302938E, UniRef:UniRef100_UPI000302938E, UniRef:UniRef50_UPI000302938E, UniRef:UniRef90_UPI000302938E
CP002232.1	18169	18948	-	FMBKCJ_027078	29.8	8.7		
CP002232.1	19741	20739	-	FMBKCJ_027080	37.1	5.8	PF05048.19|NosD, PF13229.12|Beta_helix	PFAM:PF05048.19, PFAM:PF13229.12
CP002232.1	22781	23155	-	FMBKCJ_027083	14.0	5.6		RefSeq:WP_014540843.1, SO:0001217, UniParc:UPI0001F2392F, UniRef:UniRef100_UPI0001F2392F, UniRef:UniRef50_O50749, UniRef:UniRef90_O50749
CP002232.1	23844	24218	-	FMBKCJ_027085	14.3	9.2		RefSeq:WP_010259364.1, SO:0001217, UniParc:UPI00017F34D2, UniRef:UniRef100_UPI00017F34D2, UniRef:UniRef50_O50751, UniRef:UniRef90_O50751
CP002232.1	28850	29521	-	FMBKCJ_027091	25.4	9.8		SO:0001217, UniRef:UniRef50_O50757, UniRef:UniRef90_O50757
CP002236.1	321	950	+	FMBKCJ_027092	24.4	9.9		SO:0001217, UniRef:UniRef50_O50757
CP002236.1	1054	1521	+	FMBKCJ_027093	17.5	8.5		RefSeq:WP_014540534.1, SO:0001217, UniParc:UPI0001F23951, UniRef:UniRef100_UPI0001F23951, UniRef:UniRef50_UPI001E470744, UniRef:UniRef90_UPI001E470744
CP002236.1	2248	2604	+	FMBKCJ_027095	14.3	9.6		RefSeq:WP_012615033.1, SO:0001217, UniParc:UPI00017F4968, UniRef:UniRef100_A0A7U3YBP9, UniRef:UniRef50_Q44728, UniRef:UniRef90_A0A7U3YBP9
CP002236.1	2811	2909	+	FMBKCJ_027096	3.6	8.5		
CP002236.1	5126	5365	+	FMBKCJ_027099	8.9	9.7		RefSeq:WP_044007806.1, SO:0001217, UniParc:UPI0002D65BAB, UniRef:UniRef100_UPI0002D65BAB, UniRef:UniRef50_A0A7U3YBR9, UniRef:UniRef90_A0A7U3YBR9
CP002236.1	23862	24698	-	FMBKCJ_027113	32.2	9.1	PF05714.16|PFam54_60	PFAM:PF05714.16, RefSeq:WP_012622389.1, SO:0001217, UniParc:UPI00016B2F6C, UniRef:UniRef100_A0A7U4DJ06, UniRef:UniRef90_Q66YX5
CP002236.1	27257	27433	+	FMBKCJ_027116	6.9	9.6		RefSeq:WP_010257051.1, SO:0001217, UniParc:UPI00016B2F6F, UniRef:UniRef100_A0A7U4DJ52, UniRef:UniRef50_A0A7X0DLS6, UniRef:UniRef90_A0A7U4DJ52
CP002233.1	3	119	+	FMBKCJ_027119	4.5	10.0	PF05154.21|TM2	PFAM:PF05154.21
CP002233.1	1051	1242	+	FMBKCJ_027121	7.8	6.6		RefSeq:WP_012622447.1, SO:0001217, UniParc:UPI00016B34DB, UniRef:UniRef100_A0A7U4DIT2, UniRef:UniRef50_A0A7U4DIT2, UniRef:UniRef90_A0A7U4DIT2
CP002233.1	4126	4224	+	FMBKCJ_027124	4.0	9.7		
CP002233.1	4217	4504	+	FMBKCJ_027125	11.2	10.0		RefSeq:WP_012622462.1, SO:0001217, UniParc:UPI00016B34D8, UniRef:UniRef100_A0A7U4DIN4, UniRef:UniRef50_A0A7U4DIN4, UniRef:UniRef90_A0A7U4DIN4
CP002233.1	12431	12625	-	FMBKCJ_027130	7.7	8.4		RefSeq:WP_012622448.1, SO:0001217, UniParc:UPI00018A866E, UniRef:UniRef100_A0A7U3YAZ8, UniRef:UniRef50_A0A7U3YAZ8, UniRef:UniRef90_A0A7U3YAZ8
CP002233.1	26036	26641	-	FMBKCJ_027140	23.6	9.8		SO:0001217, UniRef:UniRef50_G0AP11
CP002230.1	780	1067	+	FMBKCJ_027142	11.1	9.8		RefSeq:WP_014540526.1, SO:0001217, UniParc:UPI0001F238F1, UniRef:UniRef100_UPI0001F238F1, UniRef:UniRef50_UPI0001F238F1, UniRef:UniRef90_UPI0001F238F1
CP002230.1	2373	2567	-	FMBKCJ_027143	7.6	11.3		RefSeq:WP_010260195.1, SO:0001217, UniParc:UPI00017F3800, UniRef:UniRef100_UPI00017F3800, UniRef:UniRef50_UPI00017F3800, UniRef:UniRef90_UPI00017F3800
CP002230.1	2869	3198	-	FMBKCJ_027144	12.1	9.6		RefSeq:WP_233186001.1, SO:0001217, UniParc:UPI001E451D72, UniRef:UniRef100_UPI001E451D72, UniRef:UniRef50_UPI001E655032, UniRef:UniRef90_UPI001E62C18B
CP002230.1	3845	4120	+	FMBKCJ_027145	10.7	6.1		RefSeq:WP_010258413.1, SO:0001217, UniParc:UPI00016B3647, UniRef:UniRef100_O50813, UniRef:UniRef50_O50813, UniRef:UniRef90_O50813
CP002230.1	15725	15829	+	FMBKCJ_027158	4.3	8.0		
CP002230.1	16337	16537	+	FMBKCJ_027159	7.8	4.6		SO:0001217, UniRef:UniRef50_A0A7U4DIY2, UniRef:UniRef90_A0A7U4DIY2
CP002230.1	19284	19505	+	FMBKCJ_027161	8.9	9.5		SO:0001217, UniRef:UniRef50_O50837, UniRef:UniRef90_O50837
CP002237.1	602	868	+	FMBKCJ_027172	10.6	9.8	PF05714.16|PFam54_60	PFAM:PF05714.16
CP002237.1	993	1157	+	FMBKCJ_027173	6.3	6.5	PF05714.16|PFam54_60	PFAM:PF05714.16
CP002237.1	8785	9060	-	FMBKCJ_027178	10.4	9.9		RefSeq:WP_231010827.1, SO:0001217, UniParc:UPI0002E4A0A4, UniRef:UniRef100_UPI0002E4A0A4, UniRef:UniRef50_O50768, UniRef:UniRef90_O50768
CP002237.1	9597	9725	-	FMBKCJ_027179	4.9	10.2		
CP002237.1	12161	12751	-	FMBKCJ_027182	24.1	10.0		
CP002237.1	33582	33878	-	FMBKCJ_027196	11.1	9.9		RefSeq:WP_010257615.1, SO:0001217, UniParc:UPI000005689B, UniRef:UniRef100_O50801, UniRef:UniRef50_O50801, UniRef:UniRef90_O50801
CP002237.1	37552	37725	-	FMBKCJ_027201	6.5	10.1		RefSeq:WP_157658503.1, SO:0001217, UniParc:UPI000301E9DF, UniRef:UniRef100_UPI000301E9DF, UniRef:UniRef50_UPI001304CA02, UniRef:UniRef90_UPI001304CA02
CP001651.1	15182	15340	+	FMBKCJ_027220	6.1	10.2		RefSeq:WP_010259080.1, SO:0001217, UniParc:UPI0000056910, UniRef:UniRef100_UPI0000056910, UniRef:UniRef50_C0RC30, UniRef:UniRef90_A0A9N7G314
CP001651.1	18171	18764	+	FMBKCJ_027224	22.7	9.1		RefSeq:WP_012622796.1, SO:0001217, UniParc:UPI00016B38CF, UniRef:UniRef100_A0A9N7AM77, UniRef:UniRef50_O50923, UniRef:UniRef90_O50923
CP001651.1	32979	34376	+	FMBKCJ_027243	52.8	6.5		RefSeq:WP_012784246.1, SO:0001217, UniParc:UPI0001AAEFD2, UniRef:UniRef100_UPI0001AAEFD2, UniRef:UniRef50_Q0SLV8, UniRef:UniRef90_A0A806CL76
AE000783.1	144366	144554	-	FMBKCJ_027407	7.2	9.3		SO:0001217, UniRef:UniRef50_G0AKV4, UniRef:UniRef90_G0AKV4
AE000783.1	157627	158061	+	FMBKCJ_027418	16.9	10.1		RefSeq:WP_010889695.1, SO:0001217, UniParc:UPI0000057387, UniRef:UniRef100_O51178, UniRef:UniRef50_O51178, UniRef:UniRef90_O51178
AE000783.1	162878	163045	+	FMBKCJ_027424	6.3	10.4		RefSeq:WP_002657037.1, SO:0001217, UniParc:UPI000005738D, UniRef:UniRef100_O51184, UniRef:UniRef50_O51184, UniRef:UniRef90_O51184
AE000783.1	272634	273647	-	FMBKCJ_027525	39.1	4.3		RefSeq:WP_010889720.1, SO:0001217, UniParc:UPI00000573ED, UniRef:UniRef100_O51275, UniRef:UniRef50_A0A7I6GVW7, UniRef:UniRef90_O51275
AE000783.1	365643	366137	-	FMBKCJ_027617	19.5	9.9		SO:0001217, UniRef:UniRef50_Q0SNF6, UniRef:UniRef90_Q0SNF6
AE000783.1	366144	366236	-	FMBKCJ_027618	3.5	5.9		
AE000783.1	368456	368881	+	FMBKCJ_027621	16.5	9.7		RefSeq:WP_010889734.1, SO:0001217, UniParc:UPI0000057451, UniRef:UniRef100_O51335, UniRef:UniRef50_O51335, UniRef:UniRef90_O51335
AE000783.1	416689	417105	+	FMBKCJ_027666	16.3	10.4		RefSeq:WP_002556999.1, SO:0001217, UniParc:UPI000005747C, UniRef:UniRef100_O51365, UniRef:UniRef50_B9X884, UniRef:UniRef90_O51365
AE000783.1	443763	444050	-	FMBKCJ_027689	11.3	9.9		RefSeq:WP_044283513.1, SO:0001217, UniParc:UPI00052A27E0, UniRef:UniRef100_UPI00052A27E0, UniRef:UniRef50_UPI0012FF1DCC, UniRef:UniRef90_UPI0012FF1DCC
AE000783.1	515780	515998	+	FMBKCJ_027779	8.5	9.5		
AE000783.1	532069	532521	+	FMBKCJ_027789	17.2	7.7		
AE000783.1	532851	533606	+	FMBKCJ_027790	27.9	5.2	PF02540.23|NAD_synthase	PFAM:PF02540.23
AE000783.1	540776	541138	-	FMBKCJ_027798	13.7	9.9		
AE000783.1	644772	645140	+	FMBKCJ_027891	14.6	5.3		RefSeq:WP_002557204.1, SO:0001217, UniParc:UPI000005754F, UniRef:UniRef100_O51562, UniRef:UniRef50_O51562, UniRef:UniRef90_O51562
AE000783.1	653887	654849	+	FMBKCJ_027899	37.3	8.9		RefSeq:WP_002557211.1, SO:0001217, UniParc:UPI0000057556, UniRef:UniRef100_O51569, UniRef:UniRef50_G0AM65, UniRef:UniRef90_G0AM65
AE000783.1	662603	662917	-	FMBKCJ_027906	11.3	8.7		RefSeq:WP_010889785.1, SO:0001217, UniParc:UPI000005755D, UniRef:UniRef100_O51576, UniRef:UniRef50_O51576, UniRef:UniRef90_O51576
AE000783.1	668523	668834	-	FMBKCJ_027910	12.4	9.7		
AE000783.1	739144	739683	+	FMBKCJ_027977	21.1	9.9		RefSeq:WP_002656268.1, SO:0001217, UniParc:UPI00000575A2, UniRef:UniRef100_O51644, UniRef:UniRef50_D6RW52, UniRef:UniRef90_O51644
AE000783.1	747937	748119	+	FMBKCJ_027989	7.1	9.9		
AE000783.1	792351	793625	+	FMBKCJ_028029	48.7	4.6		RefSeq:WP_010889815.1, SO:0001217, UniParc:UPI000233F626, UniRef:UniRef100_O51690, UniRef:UniRef50_O51690, UniRef:UniRef90_O51690
AE000783.1	814868	815302	-	FMBKCJ_028053	17.6	9.3		RefSeq:WP_002557361.1, SO:0001217, UniParc:UPI00000575E7, UniRef:UniRef100_O51714, UniRef:UniRef50_O51714, UniRef:UniRef90_O51714
AE001583.1	744	1097	+	FMBKCJ_028127	14.2	9.4		RefSeq:WP_010883945.1, SO:0001217, UniParc:UPI0000057727, UniRef:UniRef100_Q9S019, UniRef:UniRef50_Q44728, UniRef:UniRef90_Q44728
AE000791.1	5600	5980	+	FMBKCJ_028138	14.9	9.9		
AE000793.2	1410	1766	+	FMBKCJ_028143	14.3	9.4		RefSeq:WP_010883928.1, SO:0001217, UniParc:UPI000005696E, UniRef:UniRef100_Q44728, UniRef:UniRef50_Q44728, UniRef:UniRef90_Q44728
AE000793.2	3598	3819	+	FMBKCJ_028145	8.6	5.7	PF05714.16|PFam54_60	PFAM:PF05714.16, RefSeq:WP_010258242.1, SO:0001217, UniParc:UPI00016B30E2, UniRef:UniRef100_G5IXH9, UniRef:UniRef50_G5IXH9, UniRef:UniRef90_G5IXH9
AE000793.2	5056	5739	+	FMBKCJ_028146	26.7	9.3		RefSeq:WP_010890251.1, SO:0001217, UniParc:UPI0000056973, UniRef:UniRef100_H7C7M9, UniRef:UniRef50_C0R8X6, UniRef:UniRef90_A0A5J6WFZ6
AE000785.1	8183	8308	-	FMBKCJ_028169	4.8	10.6		RefSeq:WP_012614988.1, SO:0001217, UniParc:UPI00016B3107, UniRef:UniRef100_A0A0H3C131, UniRef:UniRef50_A0A0H3C131, UniRef:UniRef90_A0A0H3C131
AE000785.1	8312	8434	-	FMBKCJ_028170	4.7	9.7		RefSeq:WP_012614991.1, SO:0001217, UniParc:UPI000188BFED, UniRef:UniRef100_A0A0H3C0J1, UniRef:UniRef50_A0A0H3C0J1, UniRef:UniRef90_A0A0H3C0J1
AE000785.1	19935	20150	+	FMBKCJ_028179	8.3	4.9		RefSeq:WP_029357333.1, SO:0001217, UniParc:UPI00016B3111, UniRef:UniRef100_UPI00016B3111, UniRef:UniRef50_A0A7W9ZC39, UniRef:UniRef90_UPI00017F3D76
AE000785.1	20638	20886	+	FMBKCJ_028180	10.1	10.2		
AE000785.1	23508	23723	-	FMBKCJ_028182	8.5	8.7		RefSeq:WP_080511133.1, SO:0001217, UniParc:UPI00016B3114, UniRef:UniRef100_UPI00016B3114, UniRef:UniRef50_O50664, UniRef:UniRef90_UPI00016B3114
AE000794.2	1	369	+	FMBKCJ_028210	14.3	9.2		
AE000794.2	6421	6540	-	FMBKCJ_028217	4.9	5.4		
AE000794.2	8389	8574	+	FMBKCJ_028220	7.5	5.7		SO:0001217, UniRef:UniRef50_O50837, UniRef:UniRef90_O50837
AE000794.2	11791	12018	-	FMBKCJ_028224	8.7	8.5		RefSeq:WP_012665401.1, SO:0001217, UniParc:UPI0000056993, UniRef:UniRef100_UPI0000056993, UniRef:UniRef50_UPI0000056993, UniRef:UniRef90_UPI0000056993
AE000794.2	15934	16050	-	FMBKCJ_028229	4.5	5.0		
AE000794.2	16518	16613	-	FMBKCJ_028230	3.9	9.8		
AE000794.2	16613	16825	-	FMBKCJ_028231	8.4	6.2		RefSeq:WP_049755699.1, SO:0001217, UniParc:UPI00016B33E7, UniRef:UniRef100_UPI00016B33E7, UniRef:UniRef50_UPI001F2AD126, UniRef:UniRef90_UPI00016B33E7
AE000794.2	17167	17415	-	FMBKCJ_028232	9.6	9.9		RefSeq:WP_080745463.1, SO:0001217, UniParc:UPI000005699A, UniRef:UniRef100_UPI000005699A, UniRef:UniRef50_UPI000005699A, UniRef:UniRef90_UPI000005699A
AE000786.1	12309	12752	-	FMBKCJ_028252	16.6	6.7		RefSeq:WP_010256673.1, SO:0001217, UniParc:UPI000005685A, UniRef:UniRef100_O50737, UniRef:UniRef50_O50737, UniRef:UniRef90_O50737
AE000786.1	13157	13495	-	FMBKCJ_028254	13.2	4.7		RefSeq:WP_010259656.1, SO:0001217, UniParc:UPI000005685C, UniRef:UniRef100_O50739, UniRef:UniRef50_O50739, UniRef:UniRef90_O50739
AE000786.1	13508	14341	-	FMBKCJ_028255	31.4	6.4		RefSeq:WP_010890292.1, SO:0001217, UniParc:UPI000005685D, UniRef:UniRef100_O50740, UniRef:UniRef50_O50740, UniRef:UniRef90_O50740
AE000786.1	18030	18827	-	FMBKCJ_028261	30.5	8.2		RefSeq:WP_010890297.1, SO:0001217, UniParc:UPI0000056862, UniRef:UniRef100_O50745, UniRef:UniRef90_A0A9N7B969
AE000786.1	18837	19619	-	FMBKCJ_028262	29.8	5.6		RefSeq:WP_010890298.1, SO:0001217, UniParc:UPI0000056863, UniRef:UniRef100_O50746, UniRef:UniRef90_O50746
AE000786.1	22659	23033	-	FMBKCJ_028265	14.0	5.6		RefSeq:WP_010256627.1, SO:0001217, UniParc:UPI0000056866, UniRef:UniRef100_O50749, UniRef:UniRef50_O50749, UniRef:UniRef90_O50749
AE000786.1	23722	24108	-	FMBKCJ_028267	14.9	9.2		RefSeq:WP_010256620.1, SO:0001217, UniParc:UPI0000056868, UniRef:UniRef100_O50751, UniRef:UniRef50_O50751, UniRef:UniRef90_O50751
AE000786.1	28854	29618	-	FMBKCJ_028273	29.2	9.8		RefSeq:WP_010890304.1, SO:0001217, UniParc:UPI000005686E, UniRef:UniRef100_O50757, UniRef:UniRef50_O50757, UniRef:UniRef90_O50757
AE000784.1	14013	14132	-	FMBKCJ_028281	4.4	4.6		RefSeq:WP_012614965.1, SO:0001217, UniParc:UPI00016B2E1E, UniRef:UniRef100_A0A0H3C151, UniRef:UniRef50_A0A0H3C151, UniRef:UniRef90_A0A0H3C151
AE000789.1	17093	17272	-	FMBKCJ_028305	6.9	6.2		SO:0001217, UniRef:UniRef50_UPI00017F4AD7, UniRef:UniRef90_UPI00017F4AD7
AE001576.1	28067	28249	+	FMBKCJ_028397	6.9	7.9		RefSeq:WP_012664891.1, SO:0001217, UniParc:UPI000005767B, UniRef:UniRef100_UPI000005767B, UniRef:UniRef50_UPI00017F3BA8, UniRef:UniRef90_UPI00017F3BA8
AE001577.1	21974	22252	+	FMBKCJ_028434	10.7	4.5		
AE001578.1	27923	28489	+	FMBKCJ_028483	21.8	8.8		RefSeq:WP_010883820.1, SO:0001217, UniParc:UPI00000576C6, UniRef:UniRef100_Q9S0A4, UniRef:UniRef90_Q9S073
AE001579.1	28885	29451	+	FMBKCJ_028525	21.8	8.8		RefSeq:WP_010883850.1, SO:0001217, UniParc:UPI00000576EB, UniRef:UniRef100_Q9S073, UniRef:UniRef90_Q9S073
AE001581.1	3825	3953	+	FMBKCJ_028574	4.4	9.7		SO:0001217, UniRef:UniRef50_B9X9J8
AE001581.1	10283	10504	+	FMBKCJ_028587	8.6	10.0		
AE001581.1	25558	25779	-	FMBKCJ_028611	8.6	9.8		SO:0001217, UniRef:UniRef50_A0A1G4Q5U4
AE001581.1	28026	28544	+	FMBKCJ_028614	20.3	9.1		RefSeq:WP_010883896.1, SO:0001217, UniParc:UPI000233F614, UniRef:UniRef100_Q9S033, UniRef:UniRef90_Q9S033
AE000788.1	4902	5096	-	FMBKCJ_028621	7.6	11.6		SO:0001217, UniRef:UniRef50_UPI00017F3800
AE000788.1	6375	6650	+	FMBKCJ_028623	10.7	6.1		RefSeq:WP_010258413.1, SO:0001217, UniParc:UPI00016B3647, UniRef:UniRef100_O50813, UniRef:UniRef50_O50813, UniRef:UniRef90_O50813
AE000788.1	18361	18465	+	FMBKCJ_028634	4.3	8.0		
AE000788.1	18973	19173	+	FMBKCJ_028635	7.8	4.6		SO:0001217, UniRef:UniRef50_A0A7U4DIY2, UniRef:UniRef90_A0A7U4DIY2
AE000788.1	21912	22133	+	FMBKCJ_028637	8.9	9.5		SO:0001217, UniParc:UPI00000568BF, UniRef:UniRef100_O50837, UniRef:UniRef50_O50837, UniRef:UniRef90_O50837
AE000788.1	22294	22467	+	FMBKCJ_028638	6.7	9.4		RefSeq:WP_010890345.1, SO:0001217, UniParc:UPI00000568C0, UniRef:UniRef100_O50838, UniRef:UniRef50_O50838, UniRef:UniRef90_O50838
AE000788.1	23073	23657	-	FMBKCJ_028639	22.1	5.3		RefSeq:WP_052403610.1, SO:0001217, UniParc:UPI0003233FA8, UniRef:UniRef100_UPI0003233FA8, UniRef:UniRef50_A0A0H3BZV3, UniRef:UniRef90_A0A0H3BZV3
AE000788.1	24293	24670	+	FMBKCJ_028641	13.9	5.6		RefSeq:WP_015899368.1, SO:0001217, UniParc:UPI00000568C3, UniRef:UniRef100_UPI00000568C3, UniRef:UniRef50_UPI00016B379E, UniRef:UniRef90_UPI00016B379E
AE000788.1	26585	26803	-	FMBKCJ_028644	8.3	5.0		RefSeq:WP_010890349.1, SO:0001217, UniParc:UPI00000568C6, UniRef:UniRef100_O50844, UniRef:UniRef50_O50844, UniRef:UniRef90_O50844
AE000787.1	8877	9152	-	FMBKCJ_028659	10.4	9.9		RefSeq:WP_367608024.1, SO:0001217, UniParc:UPI0002F1680F, UniRef:UniRef100_UPI0002F1680F, UniRef:UniRef50_O50768, UniRef:UniRef90_O50768
AE000787.1	10040	10168	-	FMBKCJ_028660	4.9	10.2		
AE000787.1	34372	34668	-	FMBKCJ_028678	11.1	9.9		RefSeq:WP_010257615.1, SO:0001217, UniParc:UPI000005689B, UniRef:UniRef100_O50801, UniRef:UniRef50_O50801, UniRef:UniRef90_O50801
AE000787.1	37415	37633	-	FMBKCJ_028682	7.7	9.5		
AE000787.1	38349	38522	-	FMBKCJ_028684	6.5	10.1		RefSeq:WP_157658503.1, SO:0001217, UniParc:UPI000301E9DF, UniRef:UniRef100_UPI000301E9DF, UniRef:UniRef50_UPI001304CA02, UniRef:UniRef90_UPI001304CA02
AE000790.2	15148	15306	+	FMBKCJ_028703	6.1	10.2		RefSeq:WP_010259080.1, SO:0001217, UniParc:UPI0000056910, UniRef:UniRef100_UPI0000056910, UniRef:UniRef50_C0RC30, UniRef:UniRef90_A0A9N7G314
AE000790.2	18128	18721	+	FMBKCJ_028707	22.7	9.1		RefSeq:WP_010890382.1, SO:0001217, UniParc:UPI0000056917, UniRef:UniRef100_O50923, UniRef:UniRef50_O50923, UniRef:UniRef90_O50923
AE000790.2	32969	34366	+	FMBKCJ_028726	52.8	6.5		RefSeq:WP_012622802.1, SO:0001217, UniParc:UPI000005692B, UniRef:UniRef100_A0A7U4DJ15, UniRef:UniRef50_Q0SLV8, UniRef:UniRef90_A0A806CL76
AE001584.1	2160	2354	-	FMBKCJ_028752	7.8	6.7		
AE001584.1	6336	6674	-	FMBKCJ_028758	13.6	9.7		
AE001584.1	31892	32458	+	FMBKCJ_028795	21.8	9.1		RefSeq:WP_010883937.1, SO:0001217, UniParc:UPI0000057752, UniRef:UniRef100_Q9RZY1, UniRef:UniRef90_Q9S073
AE001584.1	37816	38196	-	FMBKCJ_028802	14.3	6.7		RefSeq:WP_231013320.1, SO:0001217, UniParc:UPI0003F834B4, UniRef:UniRef100_UPI0000057758, UniRef:UniRef50_I0FF88, UniRef:UniRef90_UPI0000057758
AE001584.1	38565	39077	-	FMBKCJ_028803	19.4	8.8		RefSeq:WP_164928174.1, SO:0001217, UniParc:UPI000005775A, UniRef:UniRef100_UPI000005775A, UniRef:UniRef50_UPI001F349D59, UniRef:UniRef90_UPI0009F1771F
AE001584.1	39802	39933	-	FMBKCJ_028804	5.0	4.2		
AE001584.1	39959	40186	-	FMBKCJ_028805	8.6	8.7		RefSeq:WP_024705874.1, SO:0001217, UniParc:UPI000005775D, UniRef:UniRef100_UPI000005775D, UniRef:UniRef50_UPI001AEED6C8, UniRef:UniRef90_UPI001E5DCC1C
AE001584.1	44714	44983	+	FMBKCJ_028808	10.6	9.5		RefSeq:WP_012672645.1, SO:0001217, UniParc:UPI00016C583D, UniRef:UniRef100_UPI00016C583D, UniRef:UniRef50_UPI00016C583D, UniRef:UniRef90_UPI00016C583D
AE001584.1	51172	51528	-	FMBKCJ_028811	14.3	9.4		RefSeq:WP_010883928.1, SO:0001217, UniParc:UPI000005696E, UniRef:UniRef100_Q44728, UniRef:UniRef50_Q44728, UniRef:UniRef90_Q44728
